Year,NAME,PLAYER,POS,TEAM,PPG,Total Points,VORP,VONA,VOLS, Draft Value ,GP
2022,Patrick Mahomes II KC,Patrick Mahomes II,QB,KC,25.2,428.4,113.5,16.2,138.1, $13 ,17
2022,Josh Allen BUF,Josh Allen,QB,BUF,24.2,412.2,97.3,28.2,121.9, $28 ,17
2022,Jalen Hurts PHI,Jalen Hurts,QB,PHI,25.6,384,69.1,15,93.7, $12 ,15
2022,Lamar Jackson BAL,Lamar Jackson,QB,BAL,20.3,243.1,-71.8,4.2,-47.2, $17 ,12
2022,Joe Burrow CIN,Joe Burrow,QB,CIN,21.7,369,54.1,54.1,78.7, $7 ,17
2022,Justin Fields CHI,Justin Fields,QB,CHI,20.5,307,-7.9,1.4,16.7,#N/A,15
2022,Justin Herbert LAC,Justin Herbert,QB,LAC,17,289.3,-25.6,38.1,-1, $19 ,17
2022,Deshaun Watson CLE,Deshaun Watson,QB,CLE,15.1,90.6,-224.3,1.3,-199.7,#N/A,6
2022,Dak Prescott DAL,Dak Prescott,QB,DAL,17.8,213.6,-101.3,6.1,-76.7, $1 ,12
2022,Trevor Lawrence JAC,Trevor Lawrence,QB,JAC,17.9,303.6,-11.3,9.6,13.3,#N/A,17
2022,Kirk Cousins MIN,Kirk Cousins,QB,MIN,18,305.6,-9.3,2,15.3, $1 ,17
2022,Daniel Jones NYG,Daniel Jones,QB,NYG,18.4,294,-20.9,3.7,3.7, $1 ,16
2022,Geno Smith SEA,Geno Smith,QB,SEA,18.5,314.9,0,7.9,24.6,#N/A,17
2022,Aaron Rodgers NYJ,Aaron Rodgers,QB,NYJ,14.8,251.2,-63.7,8.1,-39.1, $1 ,16
2022,Tua Tagovailoa MIA,Tua Tagovailoa,QB,MIA,18.4,238.9,-76,3.1,-51.4,#N/A,13
2022,Russell Wilson DEN,Russell Wilson,QB,DEN,15.7,235.8,-79.1,2.7,-54.5, $2 ,15
2022,Jared Goff DET,Jared Goff,QB,DET,17.1,290.3,-24.6,1,0,#N/A,17
2022,Anthony Richardson IND,Anthony Richardson,QB,IND,N/A,N/A,N/A,N/A,N/A,N/A,N/A
2022,Derek Carr NO,Derek Carr,QB,NO,15.5,233.1,-81.8,19.5,-57.2, $1 ,14
2022,Matthew Stafford LAR,Matthew Stafford,QB,LAR,12.9,116.4,-198.5,6.1,-173.9, $1 ,9
2022,Jordan Love GB,Jordan Love,QB,GB,2.9,11.7,-303.2,0.5,-278.6,#N/A,4
2022,Kenny Pickett PIT,Kenny Pickett,QB,PIT,12.2,158.9,-156,29.5,-131.4,#N/A,13
2022,Brock Purdy SF,Brock Purdy,QB,SF,12.3,110.3,-204.6,5.4,-180,#N/A,9
2022,Bryce Young CAR,Bryce Young,QB,CAR,N/A,N/A,N/A,N/A,N/A,N/A,N/A
2022,Jimmy Garoppolo LV,Jimmy Garoppolo,QB,LV,15.3,168.8,-146.1,1.6,-121.5,#N/A,10
2022,Ryan Tannehill TEN,Ryan Tannehill,QB,TEN,13.9,167.2,-147.7,8.3,-123.1,#N/A,12
2022,Mac Jones NE,Mac Jones,QB,NE,12.9,181.1,-133.8,6.5,-109.2,#N/A,14
2022,Kyler Murray ARI,Kyler Murray,QB,ARI,18.9,207.5,-107.4,1.9,-82.8, $15 ,11
2022,Sam Howell WAS,Sam Howell,QB,WAS,19.3,19.3,-295.6,5.8,-271,#N/A,1
2022,Gardner Minshew II IND,Gardner Minshew II,QB,IND,8,39.8,-275.1,1.1,-250.5,#N/A,4
2022,Baker Mayfield TB,Baker Mayfield,QB,TB,10.8,129.4,-185.5,7.4,-160.9,#N/A,11
2022,Jacoby Brissett WAS,Jacoby Brissett,QB,WAS,12.5,174.6,-140.3,5.8,-115.7,#N/A,13
2022,Kyle Trask TB,Kyle Trask,QB,TB,0.9,0.9,-314,0.2,-289.4,#N/A,1
2022,Colt McCoy ARI,Colt McCoy,QB,ARI,9,35.8,-279.1,13,-254.5,#N/A,4
2022,Trey Lance SF,Trey Lance,QB,SF,4.5,13.5,-301.4,0.7,-276.8, $1 ,3
2022,Brian Hoyer LV,Brian Hoyer,QB,LV,1.5,1.5,-313.4,0.6,-288.8,#N/A,1
2022,Taylor Heinicke ATL,Taylor Heinicke,QB,ATL,13.6,122,-192.9,5.6,-168.3,#N/A,9
2022,Desmond Ridder ATL,Desmond Ridder,QB,ATL,9.7,38.7,-276.2,2.9,-251.6,#N/A,4
2022,Mike White MIA,Mike White,QB,MIA,15.1,60.6,-254.3,1,-229.7,#N/A,4
2022,Bailey Zappe NE,Bailey Zappe,QB,NE,10.4,41.6,-273.3,1.8,-248.7,#N/A,4
2022,Sam Darnold SF,Sam Darnold,QB,SF,14.9,89.3,-225.6,10.4,-201,#N/A,6
2022,Davis Mills HOU,Davis Mills,QB,HOU,13.1,196.5,-118.4,13.3,-93.8,#N/A,15
2022,Tyrod Taylor NYG,Tyrod Taylor,QB,NYG,4.1,12.3,-302.6,0.6,-278,#N/A,3
2022,Marcus Mariota PHI,Marcus Mariota,QB,PHI,15.8,205.6,-109.3,9.1,-84.7,#N/A,12
2022,Mitch Trubisky PIT,Mitch Trubisky,QB,PIT,11.3,78.9,-236,18.3,-211.4,#N/A,7
2022,Brett Rypien LAR,Brett Rypien,QB,LAR,5.5,22,-292.9,1.4,-268.3,#N/A,3
2022,Tyler Huntley BAL,Tyler Huntley,QB,BAL,10.6,53,-261.9,4.1,-237.3,#N/A,5
2022,Andy Dalton CAR,Andy Dalton,QB,CAR,13.1,183.2,-131.7,2.1,-107.1,#N/A,13
2022,Jarrett Stidham DEN,Jarrett Stidham,QB,DEN,15.2,45.6,-269.3,3.5,-244.7,#N/A,3
2022,Teddy Bridgewater DET,Teddy Bridgewater,QB,DET,8.4,42,-272.9,0.4,-248.3,#N/A,4
2022,Blaine Gabbert KC,Blaine Gabbert,QB,KC,5.2,5.2,-309.7,3.7,-285.1,#N/A,1
2022,Jameis Winston NO,Jameis Winston,QB,NO,16.3,48.9,-266,3.3,-241.4,#N/A,3
2022,Trevor Siemian CIN,Trevor Siemian,QB,CIN,5.6,11.2,-303.7,6,-279.1,#N/A,2
2022,P.J. Walker CHI,P.J. Walker,QB,CHI,7,42.1,-272.8,0.1,-248.2,#N/A,6
2022,Joshua Dobbs CLE,Joshua Dobbs,QB,CLE,11.4,22.8,-292.1,0.5,-267.5,#N/A,2
2022,Nick Mullens MIN,Nick Mullens,QB,MIN,3.2,12.8,-302.1,0.5,-277.5,#N/A,4
2022,Zach Wilson NYJ,Zach Wilson,QB,NYJ,11.7,104.9,-210,14.3,-185.4,#N/A,9
2022,C.J. Beathard JAC,C.J. Beathard,QB,JAC,0,0,-314.9,0,-290.3,#N/A,4
2022,Cooper Rush DAL,Cooper Rush,QB,DAL,7.5,59.6,-255.3,6.6,-230.7,#N/A,8
2022,David Blough ARI,David Blough,QB,ARI,10.3,20.6,-294.3,0.1,-269.7,#N/A,2
2022,Kyle Allen BUF,Kyle Allen,QB,BUF,6.6,19.9,-295,0.6,-270.4,#N/A,3
2022,Matt Barkley BUF,Matt Barkley,QB,BUF,0,0,-314.9,0,-290.3,#N/A,1
2022,Malik Willis TEN,Malik Willis,QB,TEN,3.2,22.3,-292.6,0.3,-268,#N/A,7
2022,Skylar Thompson MIA,Skylar Thompson,QB,MIA,2.9,20.5,-294.4,0.6,-269.8,#N/A,7
2022,Case Keenum HOU,Case Keenum,QB,HOU,0.2,0.3,-314.6,0.3,-290,#N/A,2
2022,Matt Corral CAR,Matt Corral,QB,CAR,0,0,-314.9,0,-290.3,#N/A,2
2022,Nate Sudfeld DET,Nate Sudfeld,QB,DET,0.2,0.4,-314.5,0.1,-289.9,#N/A,2
2022,Josh Johnson BAL,Josh Johnson,QB,BAL,0.7,0.7,-314.2,0.3,-289.6,#N/A,1
2022,Christian McCaffrey SF,Christian McCaffrey,RB,SF,18.5,313.9,95.6,12.1,145.6,63,17
2022,Austin Ekeler LAC,Austin Ekeler,RB,LAC,18.8,319.2,100.9,5.3,150.9,66,17
2022,Derrick Henry TEN,Derrick Henry,RB,TEN,17.9,286.3,68,18.4,118,55,16
2022,Nick Chubb CLE,Nick Chubb,RB,CLE,15.8,267.9,49.6,12.4,99.6,32,17
2022,Tony Pollard DAL,Tony Pollard,RB,DAL,14.3,229.3,11,9.4,61,3,16
2022,Josh Jacobs LV,Josh Jacobs,RB,LV,17.8,301.8,83.5,15.5,133.5,5,17
2022,Saquon Barkley NYG,Saquon Barkley,RB,NYG,16,255.5,37.2,26.2,87.2,36,16
2022,Jonathan Taylor IND,Jonathan Taylor,RB,IND,11,132.4,-85.9,3.9,-35.9,66,12
2022,Joe Mixon CIN,Joe Mixon,RB,CIN,14,210.7,-7.6,4,42.4,41,15
2022,Aaron Jones GB,Aaron Jones,RB,GB,12.9,219.1,0.8,0.8,50.8,30,17
2022,Najee Harris PIT,Najee Harris,RB,PIT,11.9,203,-15.3,14,34.7,49,17
2022,Rhamondre Stevenson NE,Rhamondre Stevenson,RB,NE,12.6,214.6,-3.7,3.9,46.3,5,17
2022,Travis Etienne Jr. JAC,Travis Etienne Jr.,RB,JAC,11,187.6,-30.7,4.4,19.3,18,17
2022,Alexander Mattison MIN,Alexander Mattison,RB,MIN,4.8,80.9,-137.4,0.2,-87.4,2,17
2022,James Conner ARI,James Conner,RB,ARI,13.6,177.2,-41.1,8.9,8.9,37,13
2022,Kenneth Walker III SEA,Kenneth Walker III,RB,SEA,12.6,189,-29.3,1.4,20.7,1,15
2022,Dameon Pierce HOU,Dameon Pierce,RB,HOU,11.6,151.4,-66.9,0,-16.9,8,13
2022,Breece Hall NYJ,Breece Hall,RB,NYJ,15.1,105.6,-112.7,0.1,-62.7,17,7
2022,Rachaad White TB,Rachaad White,RB,TB,6.7,114.1,-104.2,0.8,-54.2,#N/A,17
2022,Miles Sanders CAR,Miles Sanders,RB,CAR,12.2,206.7,-11.6,3.7,38.4,5,16
2022,Cam Akers LAR,Cam Akers,RB,LAR,9,134.8,-83.5,2.4,-33.5,31,15
2022,J.K. Dobbins BAL,J.K. Dobbins,RB,BAL,9.7,77.7,-140.6,1.3,-90.6,8,8
2022,Isiah Pacheco KC,Isiah Pacheco,RB,KC,7.6,128.5,-89.8,0,-39.8,1,17
2022,David Montgomery DET,David Montgomery,RB,DET,10,160.7,-57.6,1.5,-7.6,11,15
2022,Alvin Kamara NO,Alvin Kamara,RB,NO,12.2,183.2,-35.1,5.9,14.9,47,15
2022,Javonte Williams DEN,Javonte Williams,RB,DEN,8.5,34,-184.3,2.2,-134.3,36,4
2022,James Cook BUF,James Cook,RB,BUF,5.7,97,-121.3,1.4,-71.3,2,17
2022,D'Andre Swift PHI,D'Andre Swift,RB,PHI,11.9,167.1,-51.2,6.4,-1.2,52,14
2022,AJ Dillon GB,AJ Dillon,RB,GB,9,153.6,-64.7,0.8,-14.7,2,17
2022,Khalil Herbert CHI,Khalil Herbert,RB,CHI,8.7,113.3,-105,5.1,-55,#N/A,13
2022,Dalvin Cook NYJ,Dalvin Cook,RB,NYJ,12.8,218.3,0,3.7,50,58,16
2022,Antonio Gibson WAS,Antonio Gibson,RB,WAS,9.5,142.9,-75.4,2.2,-25.4,8,15
2022,Brian Robinson Jr. WAS,Brian Robinson Jr.,RB,WAS,9,108.2,-110.1,2.6,-60.1,#N/A,12
2022,Samaje Perine DEN,Samaje Perine,RB,DEN,7.7,123.1,-95.2,9,-45.2,#N/A,15
2022,Jeff Wilson Jr. MIA,Jeff Wilson Jr.,RB,MIA,9.2,147.5,-70.8,3.3,-20.8,#N/A,16
2022,Jamaal Williams NO,Jamaal Williams,RB,NO,12.9,219.9,1.6,0.8,51.6,1,16
2022,Rashaad Penny PHI,Rashaad Penny,RB,PHI,10,50.2,-168.1,0.4,-118.1,1,5
2022,Raheem Mostert MIA,Raheem Mostert,RB,MIA,9.6,152.8,-65.5,1.4,-15.5,#N/A,16
2022,Elijah Mitchell SF,Elijah Mitchell,RB,SF,8.4,42.1,-176.2,0.5,-126.2,5,5
2022,Tyler Allgeier ATL,Tyler Allgeier,RB,ATL,9.5,151.4,-66.9,3.9,-16.9,#N/A,16
2022,Jerick McKinnon KC,Jerick McKinnon,RB,KC,9.9,168.3,-50,1.2,0,#N/A,17
2022,Ezekiel Elliott NE,Ezekiel Elliott,RB,NE,11.8,177.3,-41,0.1,9,20,14
2022,Devin Singletary HOU,Devin Singletary,RB,HOU,9.4,159.2,-59.1,5.6,-9.1,2,16
2022,Damien Harris BUF,Damien Harris,RB,BUF,7.5,82.4,-135.9,1.5,-85.9,2,10
2022,Jaylen Warren PIT,Jaylen Warren,RB,PIT,5,79.3,-139,1.6,-89,#N/A,16
2022,Chuba Hubbard CAR,Chuba Hubbard,RB,CAR,5.8,80.7,-137.6,1.4,-87.6,#N/A,14
2022,Kenneth Gainwell PHI,Kenneth Gainwell,RB,PHI,4.5,76.4,-141.9,1.8,-91.9,#N/A,17
2022,D'Onta Foreman CHI,D'Onta Foreman,RB,CHI,8,128.5,-89.8,5.4,-39.8,#N/A,15
2022,Gus Edwards BAL,Gus Edwards,RB,BAL,6.6,59.3,-159,0.3,-109,#N/A,9
2022,Chase Edmonds TB,Chase Edmonds,RB,TB,5.1,66.2,-152.1,6.2,-102.1,3,12
2022,Cordarrelle Patterson ATL,Cordarrelle Patterson,RB,ATL,11.1,144.2,-74.1,1.3,-24.1,2,13
2022,Joshua Kelley LAC,Joshua Kelley,RB,LAC,4.8,57.8,-160.5,5.3,-110.5,#N/A,12
2022,Clyde Edwards-Helaire KC,Clyde Edwards-Helaire,RB,KC,9,89.8,-128.5,6.7,-78.5,11,10
2022,Kyren Williams LAR,Kyren Williams,RB,LAR,3.3,26,-192.3,0.5,-142.3,#N/A,8
2022,Ty Chandler MIN,Ty Chandler,RB,MIN,1,2,-216.3,0.1,-166.3,#N/A,2
2022,Jerome Ford CLE,Jerome Ford,RB,CLE,0.1,1.2,-217.1,0,-167.1,#N/A,13
2022,Keaontay Ingram ARI,Keaontay Ingram,RB,ARI,1.5,16.1,-202.2,0,-152.2,#N/A,11
2022,Ronald Jones II DAL,Ronald Jones II,RB,DAL,3.1,15.7,-202.6,1.2,-152.6,#N/A,5
2022,Latavius Murray BUF,Latavius Murray,RB,BUF,10.1,140.7,-77.6,5.9,-27.6,#N/A,13
2022,Matt Breida NYG,Matt Breida,RB,NYG,2.9,49.8,-168.5,5.7,-118.5,#N/A,17
2022,Isaiah Spiller LAC,Isaiah Spiller,RB,LAC,1.4,6.9,-211.4,0.1,-161.4,#N/A,5
2022,Zamir White LV,Zamir White,RB,LV,0.6,7,-211.3,0,-161.3,#N/A,11
2022,Kenyan Drake IND,Kenyan Drake,RB,IND,8,95.6,-122.7,5.8,-72.7,#N/A,11
2022,Zack Moss IND,Zack Moss,RB,IND,4.5,59,-159.3,1.2,-109.3,#N/A,13
2022,Corey Clement ARI,Corey Clement,RB,ARI,3.9,19.4,-198.9,1.3,-148.9,#N/A,5
2022,JaMycal Hasty JAC,JaMycal Hasty,RB,JAC,4.3,60,-158.3,0.7,-108.3,#N/A,14
2022,Ameer Abdullah LV,Ameer Abdullah,RB,LV,2.6,41.6,-176.7,2.9,-126.7,#N/A,16
2022,Michael Carter NYJ,Michael Carter,RB,NYJ,6.6,105.5,-112.8,8.5,-62.8,1,16
2022,Ke'Shawn Vaughn TB,Ke'Shawn Vaughn,RB,TB,1,8.7,-209.6,0.8,-159.6,#N/A,9
2022,Melvin Gordon III BAL,Melvin Gordon III,RB,BAL,7.5,74.6,-143.7,5.1,-93.7,#N/A,9
2022,Hassan Haskins TEN,Hassan Haskins,RB,TEN,1.5,20.5,-197.8,1.1,-147.8,#N/A,14
2022,Jordan Mason SF,Jordan Mason,RB,SF,2.7,31.8,-186.5,0.4,-136.5,#N/A,12
2022,Deon Jackson IND,Deon Jackson,RB,IND,5.8,69.5,-148.8,3.3,-98.8,#N/A,12
2022,Trayveon Williams CIN,Trayveon Williams,RB,CIN,0.8,7,-211.3,0.1,-161.3,#N/A,9
2022,Raheem Blackshear CAR,Raheem Blackshear,RB,CAR,2.9,38,-180.3,2,-130.3,#N/A,13
2022,Pierre Strong Jr. NE,Pierre Strong Jr.,RB,NE,2.4,23.7,-194.6,1,-144.6,#N/A,10
2022,Rico Dowdle DAL,Rico Dowdle,RB,DAL,0,0,-218.3,0,-168.3,#N/A,2
2022,Chris Evans CIN,Chris Evans,RB,CIN,1.1,11.3,-207,0.1,-157,#N/A,10
2022,DeeJay Dallas SEA,DeeJay Dallas,RB,SEA,2.6,38.7,-179.6,0,-129.6,#N/A,15
2022,Kene Nwangwu MIN,Kene Nwangwu,RB,MIN,0.8,10.5,-207.8,0.3,-157.8,#N/A,14
2022,Craig Reynolds DET,Craig Reynolds,RB,DET,3.8,26.3,-192,0,-142,#N/A,7
2022,Malik Davis DAL,Malik Davis,RB,DAL,5.2,31.4,-186.9,0.6,-136.9,#N/A,6
2022,Ty Montgomery NE,Ty Montgomery,RB,NE,8.8,8.8,-209.5,0.1,-159.5,#N/A,1
2022,Anthony McFarland Jr. PIT,Anthony McFarland Jr.,RB,PIT,5.1,5.1,-213.2,0.9,-163.2,#N/A,1
2022,Boston Scott PHI,Boston Scott,RB,PHI,2.9,43.7,-174.6,1.6,-124.6,#N/A,15
2022,Kyle Juszczyk SF,Kyle Juszczyk,RB,SF,3.4,44.1,-174.2,0.4,-124.2,#N/A,13
2022,Zonovan Knight NYJ,Zonovan Knight,RB,NYJ,7.5,52.5,-165.8,2.3,-115.8,#N/A,7
2022,Travis Homer CHI,Travis Homer,RB,CHI,2.9,35.1,-183.2,1.1,-133.2,#N/A,11
2022,D'Ernest Johnson JAC,D'Ernest Johnson,RB,JAC,0.4,3.9,-214.4,0.4,-164.4,#N/A,9
2022,Patrick Taylor Jr. GB,Patrick Taylor Jr.,RB,GB,0.8,5.3,-213,0.1,-163,#N/A,7
2022,Tyler Badie DEN,Tyler Badie,RB,DEN,8.9,8.9,-209.4,0.1,-159.4,#N/A,1
2022,Demetric Felton Jr. CLE,Demetric Felton Jr.,RB,CLE,0.2,1.4,-216.9,0.2,-166.9,#N/A,6
2022,Dare Ogunbowale HOU,Dare Ogunbowale,RB,HOU,2.6,38.7,-179.6,0.7,-129.6,#N/A,15
2022,Gary Brightwell NYG,Gary Brightwell,RB,NYG,1.8,26.5,-191.8,0.2,-141.8,#N/A,15
2022,James Robinson NYG,James Robinson,RB,NYG,7.6,83.1,-135.2,0.7,-85.2,1,10
2022,Kevin Harris NE,Kevin Harris,RB,NE,2.2,11.2,-207.1,0.7,-157.1,#N/A,5
2022,Damien Williams LV,Damien Williams,RB,LV,0.2,0.2,-218.1,0.2,-168.1,#N/A,1
2022,Tony Jones Jr. DEN,Tony Jones Jr.,RB,DEN,2.6,7.9,-210.4,0.1,-160.4,#N/A,3
2022,Tyrion Davis-Price SF,Tyrion Davis-Price,RB,SF,2,9.9,-208.4,1,-158.4,#N/A,5
2022,Salvon Ahmed MIA,Salvon Ahmed,RB,MIA,2,13.7,-204.6,2.4,-154.6,#N/A,7
2022,Myles Gaskin MIA,Myles Gaskin,RB,MIA,3.7,7.4,-210.9,0.4,-160.9,#N/A,2
2022,Brandon Bolden LV,Brandon Bolden,RB,LV,2,23.8,-194.5,0.1,-144.5,#N/A,12
2022,Justice Hill BAL,Justice Hill,RB,BAL,2.4,36,-182.3,0.9,-132.3,#N/A,15
2022,Jonathan Williams WAS,Jonathan Williams,RB,WAS,2.5,22.7,-195.6,2.2,-145.6,#N/A,9
2022,Reggie Gilliam BUF,Reggie Gilliam,RB,BUF,2.3,18.1,-200.2,2,-150.2,#N/A,8
2022,Alec Ingold MIA,Alec Ingold,RB,MIA,2.6,30.8,-187.5,4.3,-137.5,#N/A,12
2022,J.J. Taylor NE,J.J. Taylor,RB,NE,2.2,2.2,-216.1,0.2,-166.1,#N/A,1
2022,Darrynton Evans BUF,Darrynton Evans,RB,BUF,3.4,10.2,-208.1,0,-158.1,#N/A,3
2022,Snoop Conner JAC,Snoop Conner,RB,JAC,2,10.2,-208.1,0.3,-158.1,#N/A,5
2022,Trey Sermon PHI,Trey Sermon,RB,PHI,1.9,1.9,-216.4,0.4,-166.4,#N/A,1
2022,Zander Horvath LAC,Zander Horvath,RB,LAC,2,16.1,-202.2,0.1,-152.2,#N/A,8
2022,Royce Freeman LAR,Royce Freeman,RB,LAR,3.2,16,-202.3,0.3,-152.3,#N/A,5
2022,Ty'Son Williams ARI,Ty'Son Williams,RB,ARI,1,1,-217.3,0.8,-167.3,#N/A,1
2022,Brittain Brown LV,Brittain Brown,RB,LV,0,0,-218.3,0,-168.3,#N/A,1
2022,C.J. Ham MIN,C.J. Ham,RB,MIN,2.4,26.3,-192,0.3,-142,#N/A,11
2022,Mike Boone HOU,Mike Boone,RB,HOU,3,24.3,-194,0.5,-144,#N/A,7
2022,Julius Chestnut TEN,Julius Chestnut,RB,TEN,1.1,6.8,-211.5,0.5,-161.5,#N/A,6
2022,Patrick Ricard BAL,Patrick Ricard,RB,BAL,1.1,14.5,-203.8,0.8,-153.8,#N/A,13
2022,Trestan Ebner CHI,Trestan Ebner,RB,CHI,0.5,5.2,-213.1,0.1,-163.1,#N/A,11
2022,La'Mical Perine KC,La'Mical Perine,RB,KC,0,0,-218.3,0,-168.3,#N/A,1
2022,Godwin Igwebuike ATL,Godwin Igwebuike,RB,ATL,0.2,1.2,-217.1,0.2,-167.1,#N/A,4
2022,Jermar Jefferson DET,Jermar Jefferson,RB,DET,0,0,-218.3,0,-168.3,#N/A,1
2022,Ronnie Rivers LAR,Ronnie Rivers,RB,LAR,3.8,7.5,-210.8,0.1,-160.8,#N/A,2
2022,Jake Funk IND,Jake Funk,RB,IND,0,0,-218.3,0,-168.3,#N/A,1
2022,Qadree Ollison JAC,Qadree Ollison,RB,JAC,0,0,-218.3,0,-168.3,#N/A,3
2022,Spencer Brown CAR,Spencer Brown,RB,CAR,3.2,6.3,-212,1,-162,#N/A,2
2022,Avery Williams ATL,Avery Williams,RB,ATL,1.6,25.5,-192.8,1.2,-142.8,#N/A,16
2022,Jonathan Ward TEN,Jonathan Ward,RB,TEN,1.1,4.2,-214.1,0.3,-164.1,#N/A,4
2022,Jaret Patterson WAS,Jaret Patterson,RB,WAS,3.9,7.8,-210.5,0.3,-160.5,#N/A,2
2022,Adam Prentice NO,Adam Prentice,RB,NO,0.6,3.3,-215,0.5,-165,#N/A,6
2022,Michael Burton DEN,Michael Burton,RB,DEN,0.2,2.8,-215.5,0.6,-165.5,#N/A,11
2022,Khari Blasingame CHI,Khari Blasingame,RB,CHI,0,0,-218.3,0,-168.3,#N/A,5
2022,Jakob Johnson LV,Jakob Johnson,RB,LV,0.3,3.5,-214.8,0.2,-164.8,#N/A,11
2022,Keith Smith ATL,Keith Smith,RB,ATL,0.2,1.5,-216.8,0.1,-166.8,#N/A,10
2022,Justin Jefferson MIN,Justin Jefferson,WR,MIN,17.9,304.7,97.6,19.2,133.9,54,17
2022,Ja'Marr Chase CIN,Ja'Marr Chase,WR,CIN,15.3,198.9,-8.2,3.6,28.1,58,13
2022,Cooper Kupp LAR,Cooper Kupp,WR,LAR,18.2,163.9,-43.2,1.7,-6.9,60,9
2022,Tyreek Hill MIA,Tyreek Hill,WR,MIA,16.6,281.7,74.6,15.5,110.9,37,17
2022,CeeDee Lamb DAL,CeeDee Lamb,WR,DAL,14.6,248.1,41,26.4,77.3,35,17
2022,Stefon Diggs BUF,Stefon Diggs,WR,BUF,15.7,266.2,59.1,10.6,95.4,46,17
2022,Davante Adams LV,Davante Adams,WR,LV,16.8,285.5,78.4,3.8,114.7,42,17
2022,Amon-Ra St. Brown DET,Amon-Ra St. Brown,WR,DET,13.4,214.6,7.5,6.6,43.8,9,16
2022,A.J. Brown PHI,A.J. Brown,WR,PHI,15,255.6,48.5,7.5,84.8,27,17
2022,Jaylen Waddle MIA,Jaylen Waddle,WR,MIA,13,221.7,14.6,7.1,50.9,13,17
2022,Garrett Wilson NYJ,Garrett Wilson,WR,NYJ,10.2,174.2,-32.9,3.4,3.4,1,17
2022,Tee Higgins CIN,Tee Higgins,WR,CIN,12.4,185.7,-21.4,3.9,14.9,17,15
2022,Chris Olave NO,Chris Olave,WR,NO,10.8,162.2,-44.9,5.1,-8.6,1,15
2022,DK Metcalf SEA,DK Metcalf,WR,SEA,10.7,181.8,-25.3,7.6,11,11,17
2022,Deebo Samuel SF,Deebo Samuel,WR,SF,10.8,140.4,-66.7,2.7,-30.4,43,13
2022,DeVonta Smith PHI,DeVonta Smith,WR,PHI,12.2,207.1,0,7.2,36.3,1,17
2022,Amari Cooper CLE,Amari Cooper,WR,CLE,12.2,208,0.9,0.9,37.2,3,17
2022,Christian Watson GB,Christian Watson,WR,GB,10.3,143.6,-63.5,1,-27.2,#N/A,14
2022,Keenan Allen LAC,Keenan Allen,WR,LAC,13.1,131,-76.1,3.6,-39.8,35,10
2022,Jerry Jeudy DEN,Jerry Jeudy,WR,DEN,11.4,170.7,-36.4,3.1,-0.1,12,15
2022,Terry McLaurin WAS,Terry McLaurin,WR,WAS,11.2,190.5,-16.6,1.7,19.7,22,17
2022,Mike Williams LAC,Mike Williams,WR,LAC,11.2,145,-62.1,0.2,-25.8,22,13
2022,DJ Moore CHI,DJ Moore,WR,CHI,9.9,167.6,-39.5,0.6,-3.2,21,16
2022,Mike Evans TB,Mike Evans,WR,TB,12.5,186.9,-20.2,1.2,16.1,26,15
2022,DeAndre Hopkins TEN,DeAndre Hopkins,WR,TEN,13.3,119.7,-87.4,2.1,-51.1,7,9
2022,Chris Godwin TB,Chris Godwin,WR,TB,11.4,170.8,-36.3,0.1,0,15,15
2022,Christian Kirk JAC,Christian Kirk,WR,JAC,11.8,199.9,-7.2,1,29.1,5,17
2022,Drake London ATL,Drake London,WR,ATL,8.4,142.6,-64.5,2.1,-28.2,6,17
2022,Marquise Brown ARI,Marquise Brown,WR,ARI,10.2,122.5,-84.6,2.8,-48.3,12,12
2022,Tyler Lockett SEA,Tyler Lockett,WR,SEA,12.2,195.3,-11.8,4.8,24.5,1,16
2022,Diontae Johnson PIT,Diontae Johnson,WR,PIT,8.1,137.7,-69.4,1.1,-33.1,21,17
2022,Brandon Aiyuk SF,Brandon Aiyuk,WR,SF,11.1,188.8,-18.3,1.9,18,2,17
2022,Michael Pittman Jr. IND,Michael Pittman Jr.,WR,IND,10.4,167,-40.1,3.1,-3.8,19,16
2022,Jahan Dotson WAS,Jahan Dotson,WR,WAS,9.4,113.1,-94,7.7,-57.7,#N/A,12
2022,George Pickens PIT,George Pickens,WR,PIT,8.3,140.5,-66.6,0.1,-30.3,1,17
2022,Gabe Davis BUF,Gabe Davis,WR,BUF,9.8,147.6,-59.5,0.8,-23.2,16,15
2022,Brandin Cooks DAL,Brandin Cooks,WR,DAL,9,117.1,-90,4,-53.7,11,13
2022,JuJu Smith-Schuster NE,JuJu Smith-Schuster,WR,NE,9.1,146.3,-60.8,0.3,-24.5,8,15
2022,Treylon Burks TEN,Treylon Burks,WR,TEN,6.5,71.6,-135.5,0.8,-99.2,#N/A,11
2022,Michael Thomas NO,Michael Thomas,WR,NO,14.4,43.1,-164,0.9,-127.7,5,3
2022,Courtland Sutton DEN,Courtland Sutton,WR,DEN,8.5,127.4,-79.7,1.7,-43.4,25,15
2022,Jakobi Meyers LV,Jakobi Meyers,WR,LV,10.5,146.8,-60.3,0.5,-24,1,13
2022,Nico Collins HOU,Nico Collins,WR,HOU,7.9,78.6,-128.5,1.9,-92.2,1,10
2022,Kadarius Toney KC,Kadarius Toney,WR,KC,5.5,49.3,-157.8,0.6,-121.5,1,9
2022,Tyler Boyd CIN,Tyler Boyd,WR,CIN,8.6,146,-61.1,1,-24.8,1,17
2022,Rondale Moore ARI,Rondale Moore,WR,ARI,8.4,67.4,-139.7,0.5,-103.4,#N/A,8
2022,Zay Jones JAC,Zay Jones,WR,JAC,9.8,157.1,-50,9.5,-13.7,#N/A,16
2022,Darnell Mooney CHI,Darnell Mooney,WR,CHI,7.4,81.5,-125.6,0.2,-89.3,4,11
2022,Allen Lazard NYJ,Allen Lazard,WR,NYJ,9.7,144.8,-62.3,0.5,-26,2,14
2022,DJ Chark Jr. CAR,DJ Chark Jr.,WR,CAR,7.6,83.2,-123.9,1.2,-87.6,#N/A,10
2022,Michael Gallup DAL,Michael Gallup,WR,DAL,6.1,85.9,-121.2,1,-84.9,1,14
2022,Adam Thielen CAR,Adam Thielen,WR,CAR,8.5,145,-62.1,0,-25.8,7,16
2022,Marquez Valdes-Scantling KC,Marquez Valdes-Scantling,WR,KC,6,101.4,-105.7,2.6,-69.4,1,17
2022,Romeo Doubs GB,Romeo Doubs,WR,GB,6.2,80.6,-126.5,0.8,-90.2,#N/A,13
2022,Skyy Moore KC,Skyy Moore,WR,KC,2,32.4,-174.7,1.3,-138.4,1,16
2022,DeVante Parker NE,DeVante Parker,WR,NE,6.7,87.4,-119.7,0.3,-83.4,#N/A,13
2022,Hunter Renfrow LV,Hunter Renfrow,WR,LV,6.1,61,-146.1,0.2,-109.8,7,10
2022,Curtis Samuel WAS,Curtis Samuel,WR,WAS,8.5,144.3,-62.8,0.7,-26.5,#N/A,17
2022,K.J. Osborn MIN,K.J. Osborn,WR,MIN,7.4,125.6,-81.5,3.1,-45.2,#N/A,17
2022,Van Jefferson LAR,Van Jefferson,WR,LAR,6.7,66.9,-140.2,1.8,-103.9,#N/A,10
2022,Elijah Moore CLE,Elijah Moore,WR,CLE,4.4,69.6,-137.5,0.6,-101.2,2,16
2022,Donovan Peoples-Jones CLE,Donovan Peoples-Jones,WR,CLE,8,136.6,-70.5,3.3,-34.2,#N/A,17
2022,Isaiah Hodgins NYG,Isaiah Hodgins,WR,NYG,9.1,81.7,-125.4,0.1,-89.1,#N/A,9
2022,Jameson Williams DET,Jameson Williams,WR,DET,2.4,14.6,-192.5,0.2,-156.2,#N/A,6
2022,Rashod Bateman BAL,Rashod Bateman,WR,BAL,7.7,46,-161.1,0.7,-124.8,7,6
2022,Robert Woods HOU,Robert Woods,WR,HOU,5.2,89.2,-117.9,1.8,-81.6,3,17
2022,Rashid Shaheed NO,Rashid Shaheed,WR,NO,7.2,86.5,-120.6,0.6,-84.3,#N/A,12
2022,Russell Gage TB,Russell Gage,WR,TB,7.5,98.1,-109,0.5,-72.7,#N/A,13
2022,Alec Pierce IND,Alec Pierce,WR,IND,5.7,91.8,-115.3,0.7,-79,#N/A,16
2022,Mack Hollins ATL,Mack Hollins,WR,ATL,7.4,125.7,-81.4,0.1,-45.1,#N/A,16
2022,Chase Claypool CHI,Chase Claypool,WR,CHI,5.5,82,-125.1,0.3,-88.8,1,15
2022,Marvin Jones Jr. DET,Marvin Jones Jr.,WR,DET,5.9,93.9,-113.2,0.9,-76.9,#N/A,16
2022,Mecole Hardman Jr. NYJ,Mecole Hardman Jr.,WR,NYJ,10.2,81.3,-125.8,0.7,-89.5,#N/A,8
2022,Corey Davis NYJ,Corey Davis,WR,NYJ,6.3,81.6,-125.5,0.1,-89.2,#N/A,13
2022,Darius Slayton NYG,Darius Slayton,WR,NYG,8.1,105.4,-101.7,1.4,-65.4,#N/A,13
2022,Allen Robinson II PIT,Allen Robinson II,WR,PIT,6.8,68.4,-138.7,0.4,-102.4,#N/A,9
2022,Parris Campbell NYG,Parris Campbell,WR,NYG,6.9,117.6,-89.5,0.5,-53.2,#N/A,16
2022,Khalil Shakir BUF,Khalil Shakir,WR,BUF,2.9,29.1,-178,0.6,-141.7,#N/A,10
2022,Joshua Palmer LAC,Joshua Palmer,WR,LAC,8.3,133.3,-73.8,2.3,-37.5,#N/A,16
2022,Wan'Dale Robinson NYG,Wan'Dale Robinson,WR,NYG,6.7,40.1,-167,1.6,-130.7,#N/A,6
2022,Kendrick Bourne NE,Kendrick Bourne,WR,NE,4.4,70.8,-136.3,0.6,-100,#N/A,16
2022,Tyquan Thornton NE,Tyquan Thornton,WR,NE,4.6,55.3,-151.8,1.1,-115.5,#N/A,12
2022,Ben Skowronek LAR,Ben Skowronek,WR,LAR,4.6,64.8,-142.3,0.1,-106,#N/A,14
2022,Nick Westbrook-Ikhine TEN,Nick Westbrook-Ikhine,WR,TEN,4.4,70.2,-136.9,0.6,-100.6,#N/A,16
2022,Greg Dortch ARI,Greg Dortch,WR,ARI,5.4,87.1,-120,0.6,-83.7,#N/A,16
2022,Josh Reynolds DET,Josh Reynolds,WR,DET,7.1,84.9,-122.2,1.7,-85.9,#N/A,12
2022,Terrace Marshall Jr. CAR,Terrace Marshall Jr.,WR,CAR,5.3,69,-138.1,0.3,-101.8,#N/A,13
2022,Sterling Shepard NYG,Sterling Shepard,WR,NYG,9.3,27.9,-179.2,1.2,-142.9,#N/A,3
2022,Tutu Atwell LAR,Tutu Atwell,WR,LAR,4.5,54.2,-152.9,0,-116.6,#N/A,12
2022,Robbie Chosen MIA,Robbie Chosen,WR,MIA,3.5,42.2,-164.9,0.5,-128.6,#N/A,12
2022,Richie James Jr. KC,Richie James Jr.,WR,KC,6.5,104,-103.1,2.6,-66.8,#N/A,15
2022,Isaiah McKenzie IND,Isaiah McKenzie,WR,IND,6.2,98.8,-108.3,0.7,-72,#N/A,15
2022,Braxton Berrios MIA,Braxton Berrios,WR,MIA,2.9,48.7,-158.4,1,-122.1,#N/A,16
2022,Amari Rodgers IND,Amari Rodgers,WR,IND,2.1,31.1,-176,0.3,-139.7,#N/A,14
2022,Laviska Shenault Jr. CAR,Laviska Shenault Jr.,WR,CAR,4.6,59.2,-147.9,0.8,-111.6,#N/A,13
2022,Quez Watkins PHI,Quez Watkins,WR,PHI,4,68,-139.1,0.6,-102.8,#N/A,17
2022,Jauan Jennings SF,Jauan Jennings,WR,SF,4.1,65.1,-142,0.3,-105.7,#N/A,16
2022,Chris Moore TEN,Chris Moore,WR,TEN,6.1,91.1,-116,1.1,-79.7,#N/A,15
2022,Kalif Raymond DET,Kalif Raymond,WR,DET,5.5,92.7,-114.4,0.9,-78.1,#N/A,17
2022,Demarcus Robinson LAR,Demarcus Robinson,WR,LAR,5,79.8,-127.3,1.2,-91,#N/A,16
2022,Marquez Callaway DEN,Marquez Callaway,WR,DEN,3,29.8,-177.3,0.7,-141,#N/A,9
2022,Olamide Zaccheaus PHI,Olamide Zaccheaus,WR,PHI,5.3,90,-117.1,0.7,-80.8,#N/A,16
2022,Trent Sherfield BUF,Trent Sherfield,WR,BUF,4.3,68.7,-138.4,0.3,-102.1,#N/A,15
2022,Kyle Philips TEN,Kyle Philips,WR,TEN,2,7.8,-199.3,0.4,-163,#N/A,4
2022,Randall Cobb NYJ,Randall Cobb,WR,NYJ,5,64.7,-142.4,3.7,-106.1,#N/A,13
2022,Jamal Agnew JAC,Jamal Agnew,WR,JAC,4.1,60.8,-146.3,1.1,-110,#N/A,15
2022,Cedrick Wilson Jr. MIA,Cedrick Wilson Jr.,WR,MIA,1.6,20.4,-186.7,0.6,-150.4,#N/A,13
2022,Marquise Goodwin CLE,Marquise Goodwin,WR,CLE,5.9,76.7,-130.4,5.1,-94.1,#N/A,13
2022,Noah Brown HOU,Noah Brown,WR,HOU,5.8,93,-114.1,0.3,-77.8,#N/A,15
2022,Samori Toure GB,Samori Toure,WR,GB,4.2,16.7,-190.4,0.6,-154.1,#N/A,4
2022,Cade Johnson SEA,Cade Johnson,WR,SEA,1.6,3.1,-204,0,-167.7,,2
2022,Trenton Irwin CIN,Trenton Irwin,WR,CIN,6.2,55.7,-151.4,0.4,-115.1,#N/A,9
2022,Zach Pascal ARI,Zach Pascal,WR,ARI,1.9,28.5,-178.6,0.1,-142.3,#N/A,14
2022,Deven Thompkins TB,Deven Thompkins,WR,TB,1.7,8.3,-198.8,0.3,-162.5,#N/A,5
2022,KhaDarel Hodge ATL,KhaDarel Hodge,WR,ATL,2.7,34.7,-172.4,1.3,-136.1,#N/A,13
2022,Justin Watson KC,Justin Watson,WR,KC,3,51,-156.1,0.4,-119.8,#N/A,17
2022,Dyami Brown WAS,Dyami Brown,WR,WAS,3.4,30.3,-176.8,0.5,-140.5,#N/A,9
2022,Justyn Ross KC,Justyn Ross,WR,KC,0,0,-207.1,0,-170.8,,2
2022,David Bell CLE,David Bell,WR,CLE,2.2,33.4,-173.7,1,-137.4,#N/A,15
2022,Devin Duvernay BAL,Devin Duvernay,WR,BAL,7,97.6,-109.5,3.7,-73.2,#N/A,14
2022,Deonte Harty BUF,Deonte Harty,WR,BUF,0.1,0.3,-206.8,0.3,-170.5,,4
2022,Jalen Guyton LAC,Jalen Guyton,WR,LAC,3.7,7.4,-199.7,0,-163.4,#N/A,2
2022,Britain Covey PHI,Britain Covey,WR,PHI,0,0,-207.1,0,-170.8,,17
2022,Brandon Powell MIN,Brandon Powell,WR,MIN,2.1,35.6,-171.5,0.6,-135.2,#N/A,17
2022,Cole Beasley NYG,Cole Beasley,WR,NYG,1.3,6.5,-200.6,1.1,-164.3,,5
2022,Bryan Edwards NO,Bryan Edwards,WR,NO,0.8,3,-204.1,0,-167.8,,4
2022,Steven Sims Jr. HOU,Steven Sims Jr.,WR,HOU,2,24.4,-182.7,0.1,-146.4,#N/A,11
2022,Jalen Nailor MIN,Jalen Nailor,WR,MIN,3.6,28.4,-178.7,0.5,-142.4,#N/A,8
2022,Equanimeous St. Brown CHI,Equanimeous St. Brown,WR,CHI,3.4,54.2,-152.9,3.1,-116.6,#N/A,16
2022,Jalen Tolbert DAL,Jalen Tolbert,WR,DAL,0.7,2.2,-204.9,0,-168.6,,3
2022,DeAndre Carter LV,DeAndre Carter,WR,LV,5.3,89.3,-117.8,0.1,-81.5,#N/A,16
2022,Tre'Quan Smith NO,Tre'Quan Smith,WR,NO,4.3,43.3,-163.8,0.2,-127.5,#N/A,10
2022,Kendall Hinton DEN,Kendall Hinton,WR,DEN,4,44.4,-162.7,1.1,-126.4,#N/A,11
2022,Nelson Agholor BAL,Nelson Agholor,WR,BAL,4,59.7,-147.4,0.5,-111.1,#N/A,15
2022,Jamison Crowder NYG,Jamison Crowder,WR,NYG,2.3,9,-198.1,0.3,-161.8,#N/A,4
2022,Penny Hart ATL,Penny Hart,WR,ATL,1.2,3.5,-203.6,0.1,-167.3,,3
2022,Dee Eskridge SEA,Dee Eskridge,WR,SEA,1.1,10.3,-196.8,0.6,-160.5,#N/A,9
2022,Phillip Dorsett II LV,Phillip Dorsett II,WR,LV,2.8,41.7,-165.4,1.6,-129.1,#N/A,15
2022,Velus Jones Jr. CHI,Velus Jones Jr.,WR,CHI,2.8,30.5,-176.6,0,-140.3,#N/A,11
2022,Scott Miller ATL,Scott Miller,WR,ATL,2.6,30.8,-176.3,0.3,-140,#N/A,11
2022,Shi Smith CAR,Shi Smith,WR,CAR,3,50.6,-156.5,1,-120.2,#N/A,17
2022,Denzel Mims DET,Denzel Mims,WR,DET,2.7,24.1,-183,1.2,-146.7,#N/A,9
2022,Dareke Young SEA,Dareke Young,WR,SEA,0.5,3.4,-203.7,0,-167.4,,7
2022,Gunner Olszewski PIT,Gunner Olszewski,WR,PIT,0.6,9.7,-197.4,0.3,-161.1,#N/A,15
2022,Jalen Reagor MIN,Jalen Reagor,WR,MIN,1.3,22.9,-184.2,0.6,-147.9,#N/A,17
2022,KaVontae Turpin DAL,KaVontae Turpin,WR,DAL,-0.1,-0.9,-208,1.1,-171.7,,17
2022,Byron Pringle WAS,Byron Pringle,WR,WAS,3.1,30.5,-176.6,0.2,-140.3,#N/A,10
2022,Dante Pettis CHI,Dante Pettis,WR,CHI,3.3,55.7,-151.4,0,-115.1,#N/A,17
2022,Ray-Ray McCloud III SF,Ray-Ray McCloud III,WR,SF,3,51.1,-156,0.1,-119.7,#N/A,17
2022,Ashton Dulin IND,Ashton Dulin,WR,IND,3.5,35,-172.1,0.3,-135.8,#N/A,10
2022,Erik Ezukanma MIA,Erik Ezukanma,WR,MIA,0.8,0.8,-206.3,0.1,-170,,1
2022,Lance McCutcheon LAR,Lance McCutcheon,WR,LAR,0,0,-207.1,0,-170.8,,4
2022,Cody Thompson SEA,Cody Thompson,WR,SEA,0,0,-207.1,0,-170.8,,1
2022,River Cracraft MIA,River Cracraft,WR,MIA,3.3,26.7,-180.4,1.6,-144.1,#N/A,8
2022,Maurice Alexander DET,Maurice Alexander,WR,DET,0.4,1.2,-205.9,0.1,-169.6,,3
2022,Danny Gray SF,Danny Gray,WR,SF,0.3,2.4,-204.7,0.1,-168.4,,7
2022,Trinity Benson DET,Trinity Benson,WR,DET,0,0,-207.1,0,-170.8,,1
2022,Dezmon Patmon BUF,Dezmon Patmon,WR,BUF,3.4,3.4,-203.7,0.2,-167.4,,1
2022,Simi Fehoko DAL,Simi Fehoko,WR,DAL,1.3,3.9,-203.2,0.1,-166.9,,3
2022,Dennis Houston DAL,Dennis Houston,WR,DAL,1.3,2.6,-204.5,0.1,-168.2,,2
2022,Stanley Morgan Jr. CIN,Stanley Morgan Jr.,WR,CIN,0,0,-207.1,0,-170.8,,9
2022,Montrell Washington DEN,Montrell Washington,WR,DEN,0.2,3.2,-203.9,0.1,-167.6,,15
2022,Andy Isabella BUF,Andy Isabella,WR,BUF,0.8,3.2,-203.9,0,-167.6,,4
2022,Tim Jones JAC,Tim Jones,WR,JAC,0.6,4.5,-202.6,0.6,-166.3,,7
2022,Matthew Slater NE,Matthew Slater,WR,NE,0,0,-207.1,0,-170.8,,8
2022,Jalen Virgil DEN,Jalen Virgil,WR,DEN,1.8,12.5,-194.6,1.3,-158.3,#N/A,7
2022,Andre Baccellia ARI,Andre Baccellia,WR,ARI,1.6,8,-199.1,0.2,-162.8,#N/A,5
2022,Brandon Johnson DEN,Brandon Johnson,WR,DEN,2.2,11.2,-195.9,0.5,-159.6,#N/A,5
2022,Dax Milne WAS,Dax Milne,WR,WAS,0.8,12.7,-194.4,0.2,-158.1,#N/A,15
2022,Austin Trammell LAR,Austin Trammell,WR,LAR,1.2,2.3,-204.8,0.1,-168.5,,2
2022,Jaelon Darden CLE,Jaelon Darden,WR,CLE,0.3,3.8,-203.3,0,-167,,13
2022,Cam Sims LV,Cam Sims,WR,LV,1,12.9,-194.2,0.2,-157.9,#N/A,12
2022,Keelan Cole Sr. LV,Keelan Cole Sr.,WR,LV,2.1,25.1,-182,0.7,-145.7,#N/A,12
2022,Michael Woods II CLE,Michael Woods II,WR,CLE,0.8,6.5,-200.6,0,-164.3,,8
2022,Mason Kinsey TEN,Mason Kinsey,WR,TEN,0.4,0.8,-206.3,0,-170,,2
2022,Racey McMath TEN,Racey McMath,WR,TEN,1.4,5.4,-201.7,0.1,-165.4,,4
2022,Trent Taylor CIN,Trent Taylor,WR,CIN,0.5,8.7,-198.4,0.3,-162.1,#N/A,16
2022,Chris Conley SF,Chris Conley,WR,SF,1.7,6.6,-200.5,0.1,-164.2,#N/A,3
2022,Tylan Wallace BAL,Tylan Wallace,WR,BAL,0.9,5.3,-201.8,0.8,-165.5,,6
2022,Anthony Schwartz CLE,Anthony Schwartz,WR,CLE,2.4,16.8,-190.3,0.1,-154,#N/A,7
2022,Mike Strachan IND,Mike Strachan,WR,IND,1.2,7.4,-199.7,0.2,-163.4,#N/A,6
2022,Josh Ali ATL,Josh Ali,WR,ATL,0,0,-207.1,0.1,-170.8,,1
2022,Jalen Camp HOU,Jalen Camp,WR,HOU,1.2,1.2,-205.9,0,-169.6,,1
2022,Nsimba Webster CHI,Nsimba Webster,WR,CHI,2.4,2.4,-204.7,0,-168.4,,1
2022,James Proche II BAL,James Proche II,WR,BAL,0.8,9.2,-197.9,0.2,-161.6,#N/A,12
2022,Keith Kirkwood NO,Keith Kirkwood,WR,NO,0.9,2.8,-204.3,0.2,-168,,3
2022,Miles Boykin PIT,Miles Boykin,WR,PIT,0.2,2.1,-205,0.1,-168.7,,10
2022,Alex Erickson NYJ,Alex Erickson,WR,NYJ,0,0,-207.1,0,-170.8,,2
2022,Breshad Perriman IND,Breshad Perriman,WR,IND,2.4,18.8,-188.3,0.7,-152,#N/A,8
2022,Kirk Merritt NO,Kirk Merritt,WR,NO,0,0,-207.1,0,-170.8,,1
2022,N'Keal Harry MIN,N'Keal Harry,WR,MIN,3.5,21.1,-186,0.7,-149.7,#N/A,5
2022,Travis Kelce KC,Travis Kelce,TE,KC,15.4,261.3,120,88.9,147.1,37,17
2022,Mark Andrews BAL,Mark Andrews,TE,BAL,10.3,154,12.7,12.7,39.8,36,15
2022,T.J. Hockenson MIN,T.J. Hockenson,TE,MIN,10.1,172.4,31.1,1.9,58.2,7,16
2022,George Kittle SF,George Kittle,TE,SF,11.4,170.5,29.2,16.5,56.3,14,15
2022,Darren Waller NYG,Darren Waller,TE,NYG,7.9,70.8,-70.5,0.9,-43.4,7,9
2022,Kyle Pitts ATL,Kyle Pitts,TE,ATL,6.2,61.6,-79.7,1.6,-52.6,18,10
2022,Dallas Goedert PHI,Dallas Goedert,TE,PHI,9.5,113.7,-27.6,0.7,-0.5,1,12
2022,Evan Engram JAC,Evan Engram,TE,JAC,8.3,140.4,-0.9,18.1,26.2,#N/A,17
2022,Pat Freiermuth PIT,Pat Freiermuth,TE,PIT,7.8,116.7,-24.6,0.7,2.5,1,15
2022,Tyler Higbee LAR,Tyler Higbee,TE,LAR,7.3,116,-25.3,1.8,1.8,#N/A,16
2022,David Njoku CLE,David Njoku,TE,CLE,8.1,113,-28.3,1.3,-1.2,#N/A,14
2022,Dalton Schultz HOU,Dalton Schultz,TE,HOU,7.6,114.2,-27.1,0.4,0,12,15
2022,Chigoziem Okonkwo TEN,Chigoziem Okonkwo,TE,TEN,5.1,81.2,-60.1,4.3,-33,#N/A,16
2022,Greg Dulcich DEN,Greg Dulcich,TE,DEN,7,69.6,-71.7,0.9,-44.6,#N/A,10
2022,Gerald Everett LAC,Gerald Everett,TE,LAC,7.4,110.5,-30.8,8,-3.7,#N/A,15
2022,Cole Kmet CHI,Cole Kmet,TE,CHI,7.2,122.3,-19,5.6,8.1,1,17
2022,Juwan Johnson NO,Juwan Johnson,TE,NO,7.1,113.8,-27.5,0.1,-0.4,#N/A,16
2022,Irv Smith Jr. CIN,Irv Smith Jr.,TE,CIN,5.3,42.7,-98.6,3.8,-71.5,#N/A,8
2022,Hunter Henry NE,Hunter Henry,TE,NE,5.2,83.4,-57.9,0.5,-30.8,#N/A,16
2022,Noah Fant SEA,Noah Fant,TE,SEA,5.7,97.6,-43.7,5.5,-16.6,#N/A,17
2022,Hayden Hurst CAR,Hayden Hurst,TE,CAR,5.9,82.9,-58.4,0.7,-31.3,#N/A,13
2022,Zach Ertz ARI,Zach Ertz,TE,ARI,9.2,92.1,-49.2,6.6,-22.1,3,10
2022,Cade Otton TB,Cade Otton,TE,TB,4.5,72.1,-69.2,1.3,-42.1,#N/A,16
2022,Tyler Conklin NYJ,Tyler Conklin,TE,NYJ,6,102.5,-38.8,4.5,-11.7,#N/A,17
2022,Dawson Knox BUF,Dawson Knox,TE,BUF,7.4,111.7,-29.6,1.2,-2.5,1,15
2022,Jelani Woods IND,Jelani Woods,TE,IND,5.1,61.7,-79.6,0.1,-52.5,#N/A,12
2022,Logan Thomas WAS,Logan Thomas,TE,WAS,4.4,57.8,-83.5,1.1,-56.4,#N/A,13
2022,Mike Gesicki NE,Mike Gesicki,TE,NE,4.8,82.2,-59.1,1,-32,#N/A,16
2022,Jake Ferguson DAL,Jake Ferguson,TE,DAL,3.5,38.9,-102.4,0.4,-75.3,#N/A,11
2022,Trey McBride ARI,Trey McBride,TE,ARI,3.9,47,-94.3,0,-67.2,#N/A,12
2022,Taysom Hill NO,Taysom Hill,TE,NO,8.8,141.3,0,0.9,27.1,#N/A,16
2022,Isaiah Likely BAL,Isaiah Likely,TE,BAL,5.2,73.3,-68,1.2,-40.9,#N/A,14
2022,Austin Hooper LV,Austin Hooper,TE,LV,4.5,76.9,-64.4,3.6,-37.3,#N/A,17
2022,Noah Gray KC,Noah Gray,TE,KC,3.3,56,-85.3,1.4,-58.2,#N/A,17
2022,Jonnu Smith ATL,Jonnu Smith,TE,ATL,3.2,38.5,-102.8,2.8,-75.7,#N/A,11
2022,Will Dissly SEA,Will Dissly,TE,SEA,4.7,69.9,-71.4,0.3,-44.3,#N/A,15
2022,Donald Parham Jr. LAC,Donald Parham Jr.,TE,LAC,4,24,-117.3,0.2,-90.2,#N/A,6
2022,Robert Tonyan CHI,Robert Tonyan,TE,CHI,5,85.5,-55.8,2.1,-28.7,#N/A,17
2022,Foster Moreau NO,Foster Moreau,TE,NO,4.9,68.7,-72.6,7,-45.5,#N/A,13
2022,Brock Wright DET,Brock Wright,TE,DET,3.9,54.6,-86.7,7.6,-59.6,#N/A,14
2022,Durham Smythe MIA,Durham Smythe,TE,MIA,2.5,32.5,-108.8,2.3,-81.7,#N/A,13
2022,C.J. Uzomah NYJ,C.J. Uzomah,TE,NYJ,3.3,45.7,-95.6,0,-68.5,#N/A,14
2022,Adam Trautman DEN,Adam Trautman,TE,DEN,2.7,35.7,-105.6,0.2,-78.5,#N/A,12
2022,Kylen Granson IND,Kylen Granson,TE,IND,3.5,45.7,-95.6,1.3,-68.5,#N/A,13
2022,Josiah Deguara GB,Josiah Deguara,TE,GB,2,17.9,-123.4,0.1,-96.3,#N/A,9
2022,Jordan Akins CLE,Jordan Akins,TE,CLE,6.5,98,-43.3,0.4,-16.2,#N/A,14
2022,Harrison Bryant CLE,Harrison Bryant,TE,CLE,3.3,46.2,-95.1,0.5,-68,#N/A,14
2022,Josh Oliver MIN,Josh Oliver,TE,MIN,2.8,33.9,-107.4,1.4,-80.3,#N/A,11
2022,Mo Alie-Cox IND,Mo Alie-Cox,TE,IND,3.2,44.4,-96.9,1.5,-69.8,#N/A,14
2022,Tommy Tremble CAR,Tommy Tremble,TE,CAR,2.9,42.9,-98.4,0.2,-71.3,#N/A,15
2022,Ian Thomas CAR,Ian Thomas,TE,CAR,2.2,30.2,-111.1,0.4,-84,#N/A,14
2022,Colby Parkinson SEA,Colby Parkinson,TE,SEA,4.1,56.7,-84.6,0.7,-57.5,#N/A,14
2022,Daniel Bellinger NYG,Daniel Bellinger,TE,NYG,5.5,60,-81.3,2.2,-54.2,#N/A,11
2022,Brevin Jordan HOU,Brevin Jordan,TE,HOU,2.2,19.8,-121.5,1.6,-94.4,#N/A,9
2022,Teagan Quitoriano HOU,Teagan Quitoriano,TE,HOU,3.8,26.8,-114.5,1.5,-87.4,#N/A,7
2022,Geoff Swaim ARI,Geoff Swaim,TE,ARI,1.5,17.8,-123.5,0,-96.4,#N/A,11
2022,Eric Saubert MIA,Eric Saubert,TE,MIA,2,28.3,-113,1.5,-85.9,#N/A,13
2022,Charlie Kolar BAL,Charlie Kolar,TE,BAL,6.9,6.9,-134.4,0.9,-107.3,#N/A,1
2022,Brycen Hopkins LAR,Brycen Hopkins,TE,LAR,2.1,14.4,-126.9,0.4,-99.8,#N/A,7
2022,Albert Okwuegbunam DEN,Albert Okwuegbunam,TE,DEN,3.4,20.5,-120.8,0.7,-93.7,#N/A,6
2022,John Bates WAS,John Bates,TE,WAS,2.4,23.8,-117.5,0.2,-90.4,#N/A,10
2022,Peyton Hendershot DAL,Peyton Hendershot,TE,DAL,2.8,34,-107.3,0.1,-80.2,#N/A,12
2022,Blake Bell KC,Blake Bell,TE,KC,4.5,9,-132.3,0.5,-105.2,#N/A,2
2022,Hunter Long LAR,Hunter Long,TE,LAR,0,0,-141.3,0,-114.2,#N/A,3
2022,Dan Arnold PHI,Dan Arnold,TE,PHI,1.6,18,-123.3,0,-96.2,#N/A,10
2022,Ko Kieft TB,Ko Kieft,TE,TB,1.3,17.5,-123.8,1.1,-96.7,#N/A,14
2022,Connor Heyward PIT,Connor Heyward,TE,PIT,2,29.8,-111.5,0.3,-84.4,#N/A,15
2022,Tre' McKitty LAC,Tre' McKitty,TE,LAC,0.9,12.2,-129.1,0.7,-102,#N/A,13
2022,James Mitchell DET,James Mitchell,TE,DET,2.9,22.8,-118.5,0.1,-91.4,#N/A,8
2022,Andrew Beck HOU,Andrew Beck,TE,HOU,1,9.4,-131.9,0.4,-104.8,#N/A,8
2022,Jack Stoll PHI,Jack Stoll,TE,PHI,1.8,17.8,-123.5,0.1,-96.4,#N/A,10
2022,Zach Gentry PIT,Zach Gentry,TE,PIT,1.6,22.7,-118.6,2.2,-91.5,#N/A,14
2022,Tyler Kroft MIA,Tyler Kroft,TE,MIA,1.3,7.7,-133.6,0.5,-106.5,#N/A,6
2022,Stephen Sullivan CAR,Stephen Sullivan,TE,CAR,0.7,5.6,-135.7,0,-108.6,#N/A,8
2022,Marcedes Lewis CHI,Marcedes Lewis,TE,CHI,3.9,23.6,-117.7,0.8,-90.6,#N/A,6
2022,Jeremy Ruckert NYJ,Jeremy Ruckert,TE,NYJ,0.7,1.3,-140,0.1,-112.9,#N/A,2
2022,Tanner Hudson CIN,Tanner Hudson,TE,CIN,3,18.2,-123.1,0.2,-96,#N/A,5
2022,Drew Sample CIN,Drew Sample,TE,CIN,0.4,0.8,-140.5,0.8,-113.4,#N/A,2
2022,Trevon Wesco TEN,Trevon Wesco,TE,TEN,0.9,5.6,-135.7,1,-108.6,#N/A,6
2022,Jody Fortson KC,Jody Fortson,TE,KC,2.5,25.3,-116,0.9,-88.9,#N/A,10
2022,Cole Turner WAS,Cole Turner,TE,WAS,0.5,3.3,-138,1.2,-110.9,#N/A,7
2022,Stone Smartt LAC,Stone Smartt,TE,LAC,1.2,3.7,-137.6,0.3,-110.5,#N/A,3
2022,Armani Rogers WAS,Armani Rogers,TE,WAS,1.3,11.5,-129.8,0.9,-102.7,#N/A,9
2022,Luke Farrell JAC,Luke Farrell,TE,JAC,1.5,6,-135.3,0.4,-108.2,#N/A,4
2022,Johnny Mundt MIN,Johnny Mundt,TE,MIN,2.3,29.5,-111.8,1.1,-84.7,#N/A,13
2022,Quintin Morris BUF,Quintin Morris,TE,BUF,1.8,16.4,-124.9,0.4,-97.8,#N/A,9
2022,Ross Dwelley SF,Ross Dwelley,TE,SF,3.6,18,-123.3,0.1,-96.2,#N/A,5
2022,Kevin Rader TEN,Kevin Rader,TE,TEN,0,0,-141.3,0,-114.2,#N/A,6
2022,Jesper Horsted LV,Jesper Horsted,TE,LV,0.7,3.4,-137.9,0.1,-110.8,#N/A,5
2022,Mitchell Wilcox CIN,Mitchell Wilcox,TE,CIN,3.2,28.4,-112.9,0.1,-85.8,#N/A,9
2022,Devin Asiasi CIN,Devin Asiasi,TE,CIN,0.3,1.5,-139.8,0.2,-112.7,#N/A,5
2022,Shane Zylstra DET,Shane Zylstra,TE,DET,3.9,35.5,-105.8,1.5,-78.7,#N/A,9
2022,Anthony Firkser NE,Anthony Firkser,TE,NE,1.8,14.5,-126.8,0.1,-99.7,#N/A,8
2022,Grant Calcaterra PHI,Grant Calcaterra,TE,PHI,1.8,10.6,-130.7,1.2,-103.6,#N/A,6
2022,Eric Tomlinson HOU,Eric Tomlinson,TE,HOU,2.7,24.4,-116.9,0.4,-89.8,#N/A,8
2022,Chris Manhertz DEN,Chris Manhertz,TE,DEN,0.9,7.2,-134.1,0,-107,#N/A,7
2022,Nick Vannett HOU,Nick Vannett,TE,HOU,1.2,8.5,-132.8,0.8,-105.7,#N/A,7
2022,Charlie Woerner SF,Charlie Woerner,TE,SF,0,0,-141.3,0,-114.2,#N/A,5
2022,Noah Togiai ARI,Noah Togiai,TE,ARI,0,0,-141.3,0,-114.2,#N/A,1
2022,Giovanni Ricci CAR,Giovanni Ricci,TE,CAR,1.3,14,-127.3,0.6,-100.2,#N/A,11
2022,Mason Schreck HOU,Mason Schreck,TE,HOU,0.8,1.6,-139.7,0.1,-112.6,#N/A,2
2022,Tommy Sweeney NYG,Tommy Sweeney,TE,NYG,0.6,1.2,-140.1,0.4,-113,#N/A,2
2022,Tyler Davis GB,Tyler Davis,TE,GB,0.4,4.6,-136.7,0.1,-109.6,#N/A,11
2022,Chris Myarick NYG,Chris Myarick,TE,NYG,1.6,16,-125.3,1.5,-98.2,#N/A,10
2022,Parker Hesse ATL,Parker Hesse,TE,ATL,1.1,13.4,-127.9,1.2,-100.8,#N/A,12
2022,Tyler Mabry SEA,Tyler Mabry,TE,SEA,7.2,7.2,-134.1,0.3,-107,#N/A,1
2022,Pharaoh Brown IND,Pharaoh Brown,TE,IND,2,17.7,-123.6,0.2,-96.5,#N/A,9
2022,Sean McKeon DAL,Sean McKeon,TE,DAL,0.7,2.1,-139.2,0.5,-112.1,#N/A,3
2022,MyCole Pruitt ATL,MyCole Pruitt,TE,ATL,4.7,47,-94.3,0.8,-67.2,#N/A,10
2022,Kendall Blanton KC,Kendall Blanton,TE,KC,2.3,4.5,-136.8,0.8,-109.7,#N/A,2
2022,Tyree Jackson PHI,Tyree Jackson,TE,PHI,0,0,-141.3,0,-114.2,#N/A,2
2023,Patrick Mahomes II KC,Patrick Mahomes II,QB,KC,22.6,383.7,37.6,2.9,83.1,N/A,0
2023,Josh Allen BUF,Josh Allen,QB,BUF,22.4,380.8,34.7,4.5,80.2,N/A,0
2023,Jalen Hurts PHI,Jalen Hurts,QB,PHI,22.1,376.3,30.2,25.4,75.7,N/A,0
2023,Lamar Jackson BAL,Lamar Jackson,QB,BAL,20.6,350.9,4.8,4.8,50.3,N/A,0
2023,Joe Burrow CIN,Joe Burrow,QB,CIN,20.4,346.1,0,18.6,45.5,N/A,0
2023,Justin Fields CHI,Justin Fields,QB,CHI,19.3,327.5,-18.6,5.9,26.9,N/A,0
2023,Justin Herbert LAC,Justin Herbert,QB,LAC,18.9,321.6,-24.5,10.4,21,N/A,0
2023,Deshaun Watson CLE,Deshaun Watson,QB,CLE,18.3,311.2,-34.9,10,10.6,N/A,0
2023,Dak Prescott DAL,Dak Prescott,QB,DAL,17.7,301.2,-44.9,0.6,0.6,N/A,0
2023,Trevor Lawrence JAC,Trevor Lawrence,QB,JAC,17.7,300.6,-45.5,0.5,0,N/A,0
2023,Kirk Cousins MIN,Kirk Cousins,QB,MIN,17.7,300.1,-46,3.3,-0.5,N/A,0
2023,Daniel Jones NYG,Daniel Jones,QB,NYG,17.5,296.8,-49.3,0.6,-3.8,N/A,0
2023,Geno Smith SEA,Geno Smith,QB,SEA,17.4,296.2,-49.9,14,-4.4,N/A,0
2023,Aaron Rodgers NYJ,Aaron Rodgers,QB,NYJ,16.6,282.2,-63.9,1.3,-18.4,N/A,0
2023,Tua Tagovailoa MIA,Tua Tagovailoa,QB,MIA,16.5,280.9,-65.2,1.3,-19.7,N/A,0
2023,Russell Wilson DEN,Russell Wilson,QB,DEN,16.4,279.6,-66.5,3.3,-21,N/A,0
2023,Jared Goff DET,Jared Goff,QB,DET,16.3,276.3,-69.8,6.7,-24.3,N/A,0
2023,Anthony Richardson IND,Anthony Richardson,QB,IND,15.9,269.6,-76.5,17.2,-31,N/A,0
2023,Derek Carr NO,Derek Carr,QB,NO,14.8,252.4,-93.7,1.3,-48.2,N/A,0
2023,Matthew Stafford LAR,Matthew Stafford,QB,LAR,14.8,251.1,-95,0.3,-49.5,N/A,0
2023,Jordan Love GB,Jordan Love,QB,GB,14.8,250.8,-95.3,0.2,-49.8,N/A,0
2023,Kenny Pickett PIT,Kenny Pickett,QB,PIT,14.7,250.6,-95.5,11.3,-50,N/A,0
2023,Brock Purdy SF,Brock Purdy,QB,SF,14.1,239.3,-106.8,0.4,-61.3,N/A,0
2023,Bryce Young CAR,Bryce Young,QB,CAR,14.1,238.9,-107.2,12.7,-61.7,N/A,0
2023,Jimmy Garoppolo LV,Jimmy Garoppolo,QB,LV,13.3,226.2,-119.9,4.3,-74.4,N/A,0
2023,Ryan Tannehill TEN,Ryan Tannehill,QB,TEN,13.1,221.9,-124.2,4.1,-78.7,N/A,0
2023,Mac Jones NE,Mac Jones,QB,NE,12.8,217.8,-128.3,2.7,-82.8,N/A,0
2023,Kyler Murray ARI,Kyler Murray,QB,ARI,12.7,215.1,-131,7.9,-85.5,N/A,0
2023,Sam Howell WAS,Sam Howell,QB,WAS,12.2,207.2,-138.9,15.5,-93.4,N/A,0
2023,Gardner Minshew II IND,Gardner Minshew II,QB,IND,11.3,191.7,-154.4,4.5,-108.9,N/A,0
2023,Baker Mayfield TB,Baker Mayfield,QB,TB,11.0,187.2,-158.9,0,-113.4,N/A,0
2023,Christian McCaffrey SF,Christian McCaffrey,RB,SF,16.0,271.2,63.3,9.2,96.2,N/A,0
2023,Austin Ekeler LAC,Austin Ekeler,RB,LAC,15.4,262,54.1,26.5,87,N/A,0
2023,Derrick Henry TEN,Derrick Henry,RB,TEN,13.9,235.5,27.6,1.4,60.5,N/A,0
2023,Nick Chubb CLE,Nick Chubb,RB,CLE,13.8,234.1,26.2,0.6,59.1,N/A,0
2023,Tony Pollard DAL,Tony Pollard,RB,DAL,13.7,233.5,25.6,0.2,58.5,N/A,0
2023,Josh Jacobs LV,Josh Jacobs,RB,LV,13.7,233.3,25.4,0.2,58.3,N/A,0
2023,Saquon Barkley NYG,Saquon Barkley,RB,NYG,13.7,233.1,25.2,15.9,58.1,N/A,0
2023,Jonathan Taylor IND,Jonathan Taylor,RB,IND,12.8,217.2,9.3,2.8,42.2,N/A,0
2023,Joe Mixon CIN,Joe Mixon,RB,CIN,12.6,214.4,6.5,6.5,39.4,N/A,0
2023,Aaron Jones GB,Aaron Jones,RB,GB,12.2,207.9,0,6.7,32.9,N/A,0
2023,Najee Harris PIT,Najee Harris,RB,PIT,11.8,201.2,-6.7,5.9,26.2,N/A,0
2023,Rhamondre Stevenson NE,Rhamondre Stevenson,RB,NE,11.5,195.3,-12.6,1.4,20.3,N/A,0
2023,Travis Etienne Jr. JAC,Travis Etienne Jr.,RB,JAC,11.4,193.9,-14,2.5,18.9,N/A,0
2023,Alexander Mattison MIN,Alexander Mattison,RB,MIN,11.3,191.4,-16.5,2.9,16.4,N/A,0
2023,James Conner ARI,James Conner,RB,ARI,11.1,188.5,-19.4,1.9,13.5,N/A,0
2023,Kenneth Walker III SEA,Kenneth Walker III,RB,SEA,11.0,186.6,-21.3,4.5,11.6,N/A,0
2023,Dameon Pierce HOU,Dameon Pierce,RB,HOU,10.7,182.1,-25.8,6.2,7.1,N/A,0
2023,Breece Hall NYJ,Breece Hall,RB,NYJ,10.3,175.9,-32,0.3,0.9,N/A,0
2023,Rachaad White TB,Rachaad White,RB,TB,10.3,175.6,-32.3,0.6,0.6,N/A,0
2023,Miles Sanders CAR,Miles Sanders,RB,CAR,10.3,175,-32.9,4.9,0,N/A,0
2023,Cam Akers LAR,Cam Akers,RB,LAR,10.0,170.1,-37.8,2.5,-4.9,N/A,0
2023,J.K. Dobbins BAL,J.K. Dobbins,RB,BAL,9.9,167.6,-40.3,0.2,-7.4,N/A,0
2023,Isiah Pacheco KC,Isiah Pacheco,RB,KC,9.8,167.4,-40.5,2.8,-7.6,N/A,0
2023,David Montgomery DET,David Montgomery,RB,DET,9.7,164.6,-43.3,2.3,-10.4,N/A,0
2023,Alvin Kamara NO,Alvin Kamara,RB,NO,9.5,162.3,-45.6,0.6,-12.7,N/A,0
2023,Javonte Williams DEN,Javonte Williams,RB,DEN,9.5,161.7,-46.2,1.2,-13.3,N/A,0
2023,James Cook BUF,James Cook,RB,BUF,9.4,160.5,-47.4,14.1,-14.5,N/A,0
2023,D'Andre Swift PHI,D'Andre Swift,RB,PHI,8.6,146.4,-61.5,4.6,-28.6,N/A,0
2023,AJ Dillon GB,AJ Dillon,RB,GB,8.3,141.8,-66.1,4.2,-33.2,N/A,0
2023,Khalil Herbert CHI,Khalil Herbert,RB,CHI,8.1,137.6,-70.3,0.1,-37.4,N/A,0
2023,Dalvin Cook NYJ,Dalvin Cook,RB,NYJ,8.1,137.5,-70.4,1.1,-37.5,N/A,0
2023,Antonio Gibson WAS,Antonio Gibson,RB,WAS,8.0,136.4,-71.5,0.3,-38.6,N/A,0
2023,Brian Robinson Jr. WAS,Brian Robinson Jr.,RB,WAS,8.0,136.1,-71.8,3.3,-38.9,N/A,0
2023,Samaje Perine DEN,Samaje Perine,RB,DEN,7.8,132.8,-75.1,11.8,-42.2,N/A,0
2023,Jeff Wilson Jr. MIA,Jeff Wilson Jr.,RB,MIA,7.1,121,-86.9,3.4,-54,N/A,0
2023,Jamaal Williams NO,Jamaal Williams,RB,NO,6.9,117.6,-90.3,1.7,-57.4,N/A,0
2023,Rashaad Penny PHI,Rashaad Penny,RB,PHI,6.8,115.9,-92,5.2,-59.1,N/A,0
2023,Raheem Mostert MIA,Raheem Mostert,RB,MIA,6.5,110.7,-97.2,1.8,-64.3,N/A,0
2023,Elijah Mitchell SF,Elijah Mitchell,RB,SF,6.4,108.9,-99,2.6,-66.1,N/A,0
2023,Tyler Allgeier ATL,Tyler Allgeier,RB,ATL,6.3,106.3,-101.6,4.1,-68.7,N/A,0
2023,Jerick McKinnon KC,Jerick McKinnon,RB,KC,6.0,102.2,-105.7,1.3,-72.8,N/A,0
2023,Ezekiel Elliott NE,Ezekiel Elliott,RB,NE,5.9,100.9,-107,0.7,-74.1,N/A,0
2023,Devin Singletary HOU,Devin Singletary,RB,HOU,5.9,100.2,-107.7,1.4,-74.8,N/A,0
2023,Damien Harris BUF,Damien Harris,RB,BUF,5.8,98.8,-109.1,0.8,-76.2,N/A,0
2023,Jaylen Warren PIT,Jaylen Warren,RB,PIT,5.8,98,-109.9,1.1,-77,N/A,0
2023,Chuba Hubbard CAR,Chuba Hubbard,RB,CAR,5.7,96.9,-111,2.3,-78.1,N/A,0
2023,Kenneth Gainwell PHI,Kenneth Gainwell,RB,PHI,5.6,94.6,-113.3,0.5,-80.4,N/A,0
2023,D'Onta Foreman CHI,D'Onta Foreman,RB,CHI,5.5,94.1,-113.8,10.4,-80.9,N/A,0
2023,Gus Edwards BAL,Gus Edwards,RB,BAL,4.9,83.7,-124.2,6.9,-91.3,N/A,0
2023,Chase Edmonds TB,Chase Edmonds,RB,TB,4.5,76.8,-131.1,1.5,-98.2,N/A,0
2023,Cordarrelle Patterson ATL,Cordarrelle Patterson,RB,ATL,4.4,75.3,-132.6,5.9,-99.7,N/A,0
2023,Joshua Kelley LAC,Joshua Kelley,RB,LAC,4.1,69.4,-138.5,1,-105.6,N/A,0
2023,Clyde Edwards-Helaire KC,Clyde Edwards-Helaire,RB,KC,4.0,68.4,-139.5,3.2,-106.6,N/A,0
2023,Kyren Williams LAR,Kyren Williams,RB,LAR,3.8,65.2,-142.7,0.1,-109.8,N/A,0
2023,Ty Chandler MIN,Ty Chandler,RB,MIN,3.8,65.1,-142.8,2.3,-109.9,N/A,0
2023,Jerome Ford CLE,Jerome Ford,RB,CLE,3.7,62.8,-145.1,6.1,-112.2,N/A,0
2023,Keaontay Ingram ARI,Keaontay Ingram,RB,ARI,3.3,56.7,-151.2,1,-118.3,N/A,0
2023,Ronald Jones II DAL,Ronald Jones II,RB,DAL,3.3,55.7,-152.2,2.5,-119.3,N/A,0
2023,Latavius Murray BUF,Latavius Murray,RB,BUF,3.1,53.2,-154.7,1.2,-121.8,N/A,0
2023,Matt Breida NYG,Matt Breida,RB,NYG,3.1,52,-155.9,3.2,-123,N/A,0
2023,Isaiah Spiller LAC,Isaiah Spiller,RB,LAC,2.9,48.8,-159.1,0.5,-126.2,N/A,0
2023,Zamir White LV,Zamir White,RB,LV,2.8,48.3,-159.6,0.7,-126.7,N/A,0
2023,Kenyan Drake IND,Kenyan Drake,RB,IND,2.8,47.6,-160.3,0.6,-127.4,N/A,0
2023,Zack Moss IND,Zack Moss,RB,IND,2.8,47,-160.9,2.2,-128,N/A,0
2023,Corey Clement ARI,Corey Clement,RB,ARI,2.6,44.8,-163.1,2.7,-130.2,N/A,0
2023,JaMycal Hasty JAC,JaMycal Hasty,RB,JAC,2.5,42.1,-165.8,3.6,-132.9,N/A,0
2023,Ameer Abdullah LV,Ameer Abdullah,RB,LV,2.3,38.5,-169.4,0.6,-136.5,N/A,0
2023,Michael Carter NYJ,Michael Carter,RB,NYJ,2.2,37.9,-170,0.7,-137.1,N/A,0
2023,Ke'Shawn Vaughn TB,Ke'Shawn Vaughn,RB,TB,2.2,37.2,-170.7,0.7,-137.8,N/A,0
2023,Melvin Gordon III BAL,Melvin Gordon III,RB,BAL,2.1,36.5,-171.4,0.9,-138.5,N/A,0
2023,Hassan Haskins TEN,Hassan Haskins,RB,TEN,2.1,35.6,-172.3,1.4,-139.4,N/A,0
2023,Jordan Mason SF,Jordan Mason,RB,SF,2.0,34.2,-173.7,0.3,-140.8,N/A,0
2023,Deon Jackson IND,Deon Jackson,RB,IND,2.0,33.9,-174,0.6,-141.1,N/A,0
2023,Trayveon Williams CIN,Trayveon Williams,RB,CIN,2.0,33.3,-174.6,0.1,-141.7,N/A,0
2023,Raheem Blackshear CAR,Raheem Blackshear,RB,CAR,2.0,33.2,-174.7,0.8,-141.8,N/A,0
2023,Pierre Strong Jr. NE,Pierre Strong Jr.,RB,NE,1.9,32.4,-175.5,1.8,-142.6,N/A,0
2023,Rico Dowdle DAL,Rico Dowdle,RB,DAL,1.8,30.6,-177.3,0.2,-144.4,N/A,0
2023,Chris Evans CIN,Chris Evans,RB,CIN,1.8,30.4,-177.5,0.1,-144.6,N/A,0
2023,DeeJay Dallas SEA,DeeJay Dallas,RB,SEA,1.8,30.3,-177.6,0.1,-144.7,N/A,0
2023,Kene Nwangwu MIN,Kene Nwangwu,RB,MIN,1.8,30.2,-177.7,1,-144.8,N/A,0
2023,Craig Reynolds DET,Craig Reynolds,RB,DET,1.7,29.2,-178.7,1.1,-145.8,N/A,0
2023,Malik Davis DAL,Malik Davis,RB,DAL,1.7,28.1,-179.8,0.1,-146.9,N/A,0
2023,Ty Montgomery NE,Ty Montgomery,RB,NE,1.6,28,-179.9,0.8,-147,N/A,0
2023,Anthony McFarland Jr. PIT,Anthony McFarland Jr.,RB,PIT,1.6,27.2,-180.7,0.8,-147.8,N/A,0
2023,Boston Scott PHI,Boston Scott,RB,PHI,1.6,26.4,-181.5,0.1,-148.6,N/A,0
2023,Kyle Juszczyk SF,Kyle Juszczyk,RB,SF,1.5,26.3,-181.6,0.5,-148.7,N/A,0
2023,Zonovan Knight NYJ,Zonovan Knight,RB,NYJ,1.5,25.8,-182.1,1.6,-149.2,N/A,0
2023,Travis Homer CHI,Travis Homer,RB,CHI,1.4,24.2,-183.7,1.1,-150.8,N/A,0
2023,D'Ernest Johnson JAC,D'Ernest Johnson,RB,JAC,1.4,23.1,-184.8,0.1,-151.9,N/A,0
2023,Patrick Taylor Jr. GB,Patrick Taylor Jr.,RB,GB,1.4,23,-184.9,0.1,-152,N/A,0
2023,Tyler Badie DEN,Tyler Badie,RB,DEN,1.3,22.9,-185,0.4,-152.1,N/A,0
2023,Demetric Felton Jr. CLE,Demetric Felton Jr.,RB,CLE,1.3,22.5,-185.4,0.3,-152.5,N/A,0
2023,Dare Ogunbowale HOU,Dare Ogunbowale,RB,HOU,1.3,22.2,-185.7,0.9,-152.8,N/A,0
2023,Gary Brightwell NYG,Gary Brightwell,RB,NYG,1.3,21.3,-186.6,0.1,-153.7,N/A,0
2023,James Robinson NYG,James Robinson,RB,NYG,1.2,21.2,-186.7,0.2,-153.8,N/A,0
2023,Kevin Harris NE,Kevin Harris,RB,NE,1.2,21,-186.9,1.1,-154,N/A,0
2023,Damien Williams LV,Damien Williams,RB,LV,1.2,19.9,-188,0.4,-155.1,N/A,0
2023,Tony Jones Jr. DEN,Tony Jones Jr.,RB,DEN,1.1,19.5,-188.4,1.3,-155.5,N/A,0
2023,Tyrion Davis-Price SF,Tyrion Davis-Price,RB,SF,1.1,18.2,-189.7,0.1,-156.8,N/A,0
2023,Salvon Ahmed MIA,Salvon Ahmed,RB,MIA,1.1,18.1,-189.8,0.3,-156.9,N/A,0
2023,Myles Gaskin MIA,Myles Gaskin,RB,MIA,1.0,17.8,-190.1,0.3,-157.2,N/A,0
2023,Brandon Bolden LV,Brandon Bolden,RB,LV,1.0,17.5,-190.4,0.3,-157.5,N/A,0
2023,Justice Hill BAL,Justice Hill,RB,BAL,1.0,17.2,-190.7,0.1,-157.8,N/A,0
2023,Jonathan Williams WAS,Jonathan Williams,RB,WAS,1.0,17.1,-190.8,0.1,-157.9,N/A,0
2023,Reggie Gilliam BUF,Reggie Gilliam,RB,BUF,1.0,17,-190.9,0.7,-158,N/A,0
2023,Alec Ingold MIA,Alec Ingold,RB,MIA,1.0,16.3,-191.6,0.6,-158.7,N/A,0
2023,J.J. Taylor NE,J.J. Taylor,RB,NE,0.9,15.7,-192.2,0.5,-159.3,N/A,0
2023,Darrynton Evans BUF,Darrynton Evans,RB,BUF,0.9,15.2,-192.7,0,-159.8,N/A,0
2023,Snoop Conner JAC,Snoop Conner,RB,JAC,0.9,15.2,-192.7,1,-159.8,N/A,0
2023,Trey Sermon PHI,Trey Sermon,RB,PHI,0.8,14.2,-193.7,0.7,-160.8,N/A,0
2023,Zander Horvath LAC,Zander Horvath,RB,LAC,0.8,13.5,-194.4,0,-161.5,N/A,0
2023,Royce Freeman LAR,Royce Freeman,RB,LAR,0.8,13.5,-194.4,0.2,-161.5,N/A,0
2023,Ty'Son Williams ARI,Ty'Son Williams,RB,ARI,0.8,13.3,-194.6,0,-161.7,N/A,0
2023,Brittain Brown LV,Brittain Brown,RB,LV,0.8,13.3,-194.6,0.3,-161.7,N/A,0
2023,C.J. Ham MIN,C.J. Ham,RB,MIN,0.8,13,-194.9,0.1,-162,N/A,0
2023,Mike Boone HOU,Mike Boone,RB,HOU,0.8,12.9,-195,0.3,-162.1,N/A,0
2023,Julius Chestnut TEN,Julius Chestnut,RB,TEN,0.7,12.6,-195.3,1.2,-162.4,N/A,0
2023,Patrick Ricard BAL,Patrick Ricard,RB,BAL,0.7,11.4,-196.5,0.5,-163.6,N/A,0
2023,Trestan Ebner CHI,Trestan Ebner,RB,CHI,0.6,10.9,-197,0,-164.1,N/A,0
2023,La'Mical Perine KC,La'Mical Perine,RB,KC,0.6,10.9,-197,0.2,-164.1,N/A,0
2023,Godwin Igwebuike ATL,Godwin Igwebuike,RB,ATL,0.6,10.7,-197.2,0.4,-164.3,N/A,0
2023,Jermar Jefferson DET,Jermar Jefferson,RB,DET,0.6,10.3,-197.6,0.2,-164.7,N/A,0
2023,Ronnie Rivers LAR,Ronnie Rivers,RB,LAR,0.6,10.1,-197.8,0.3,-164.9,N/A,0
2023,Jake Funk IND,Jake Funk,RB,IND,0.6,9.8,-198.1,0.4,-165.2,N/A,0
2023,Qadree Ollison JAC,Qadree Ollison,RB,JAC,0.6,9.4,-198.5,0.5,-165.6,N/A,0
2023,Spencer Brown CAR,Spencer Brown,RB,CAR,0.5,8.9,-199,0.6,-166.1,N/A,0
2023,Avery Williams ATL,Avery Williams,RB,ATL,0.5,8.3,-199.6,0,-166.7,N/A,0
2023,Jonathan Ward TEN,Jonathan Ward,RB,TEN,0.5,8.3,-199.6,0.3,-166.7,N/A,0
2023,Jaret Patterson WAS,Jaret Patterson,RB,WAS,0.5,8,-199.9,1.1,-167,N/A,0
2023,Adam Prentice NO,Adam Prentice,RB,NO,0.4,6.9,-201,0.3,-168.1,N/A,0
2023,Michael Burton DEN,Michael Burton,RB,DEN,0.4,6.6,-201.3,1.3,-168.4,N/A,0
2023,Khari Blasingame CHI,Khari Blasingame,RB,CHI,0.3,5.3,-202.6,0.1,-169.7,N/A,0
2023,Jakob Johnson LV,Jakob Johnson,RB,LV,0.3,5.2,-202.7,0.1,-169.8,N/A,0
2023,Keith Smith ATL,Keith Smith,RB,ATL,0.3,5.1,-202.8,0,-169.9,N/A,0
2023,Justin Jefferson MIN,Justin Jefferson,WR,MIN,15.3,259.8,62.4,5.2,83.4,N/A,0
2023,Ja'Marr Chase CIN,Ja'Marr Chase,WR,CIN,15.0,254.6,57.2,5.8,78.2,N/A,0
2023,Cooper Kupp LAR,Cooper Kupp,WR,LAR,14.6,248.8,51.4,1.4,72.4,N/A,0
2023,Tyreek Hill MIA,Tyreek Hill,WR,MIA,14.6,247.4,50,15.9,71,N/A,0
2023,CeeDee Lamb DAL,CeeDee Lamb,WR,DAL,13.6,231.5,34.1,5.7,55.1,N/A,0
2023,Stefon Diggs BUF,Stefon Diggs,WR,BUF,13.3,225.8,28.4,1.7,49.4,N/A,0
2023,Davante Adams LV,Davante Adams,WR,LV,13.2,224.1,26.7,15.8,47.7,N/A,0
2023,Amon-Ra St. Brown DET,Amon-Ra St. Brown,WR,DET,12.3,208.3,10.9,0.6,31.9,N/A,0
2023,A.J. Brown PHI,A.J. Brown,WR,PHI,12.2,207.7,10.3,10.3,31.3,N/A,0
2023,Jaylen Waddle MIA,Jaylen Waddle,WR,MIA,11.6,197.4,0,4.7,21,N/A,0
2023,Garrett Wilson NYJ,Garrett Wilson,WR,NYJ,11.3,192.7,-4.7,4.7,16.3,N/A,0
2023,Tee Higgins CIN,Tee Higgins,WR,CIN,11.1,188,-9.4,1,11.6,N/A,0
2023,Chris Olave NO,Chris Olave,WR,NO,11.0,187,-10.4,2,10.6,N/A,0
2023,DK Metcalf SEA,DK Metcalf,WR,SEA,10.9,185,-12.4,0,8.6,N/A,0
2023,Deebo Samuel SF,Deebo Samuel,WR,SF,10.9,185,-12.4,1.7,8.6,N/A,0
2023,DeVonta Smith PHI,DeVonta Smith,WR,PHI,10.8,183.3,-14.1,1.3,6.9,N/A,0
2023,Amari Cooper CLE,Amari Cooper,WR,CLE,10.7,182,-15.4,3,5.6,N/A,0
2023,Christian Watson GB,Christian Watson,WR,GB,10.5,179,-18.4,1.4,2.6,N/A,0
2023,Keenan Allen LAC,Keenan Allen,WR,LAC,10.4,177.6,-19.8,1.2,1.2,N/A,0
2023,Jerry Jeudy DEN,Jerry Jeudy,WR,DEN,10.4,176.4,-21,3.9,0,N/A,0
2023,Terry McLaurin WAS,Terry McLaurin,WR,WAS,10.1,172.5,-24.9,1.6,-3.9,N/A,0
2023,Mike Williams LAC,Mike Williams,WR,LAC,10.1,170.9,-26.5,0.3,-5.5,N/A,0
2023,DJ Moore CHI,DJ Moore,WR,CHI,10.0,170.6,-26.8,0.7,-5.8,N/A,0
2023,Mike Evans TB,Mike Evans,WR,TB,10.0,169.9,-27.5,1.2,-6.5,N/A,0
2023,DeAndre Hopkins TEN,DeAndre Hopkins,WR,TEN,9.9,168.7,-28.7,2.1,-7.7,N/A,0
2023,Chris Godwin TB,Chris Godwin,WR,TB,9.8,166.6,-30.8,0.7,-9.8,N/A,0
2023,Christian Kirk JAC,Christian Kirk,WR,JAC,9.8,165.9,-31.5,5.1,-10.5,N/A,0
2023,Drake London ATL,Drake London,WR,ATL,9.5,160.8,-36.6,1.3,-15.6,N/A,0
2023,Marquise Brown ARI,Marquise Brown,WR,ARI,9.4,159.5,-37.9,0.9,-16.9,N/A,0
2023,Tyler Lockett SEA,Tyler Lockett,WR,SEA,9.3,158.6,-38.8,0,-17.8,N/A,0
2023,Diontae Johnson PIT,Diontae Johnson,WR,PIT,9.3,158.6,-38.8,3.1,-17.8,N/A,0
2023,Brandon Aiyuk SF,Brandon Aiyuk,WR,SF,9.1,155.5,-41.9,6.1,-20.9,N/A,0
2023,Michael Pittman Jr. IND,Michael Pittman Jr.,WR,IND,8.8,149.4,-48,1.2,-27,N/A,0
2023,Jahan Dotson WAS,Jahan Dotson,WR,WAS,8.7,148.2,-49.2,2.3,-28.2,N/A,0
2023,George Pickens PIT,George Pickens,WR,PIT,8.6,145.9,-51.5,0.5,-30.5,N/A,0
2023,Gabe Davis BUF,Gabe Davis,WR,BUF,8.6,145.4,-52,2.5,-31,N/A,0
2023,Brandin Cooks DAL,Brandin Cooks,WR,DAL,8.4,142.9,-54.5,4.1,-33.5,N/A,0
2023,JuJu Smith-Schuster NE,JuJu Smith-Schuster,WR,NE,8.2,138.8,-58.6,0.8,-37.6,N/A,0
2023,Treylon Burks TEN,Treylon Burks,WR,TEN,8.1,138,-59.4,0.4,-38.4,N/A,0
2023,Michael Thomas NO,Michael Thomas,WR,NO,8.1,137.6,-59.8,4,-38.8,N/A,0
2023,Courtland Sutton DEN,Courtland Sutton,WR,DEN,7.9,133.6,-63.8,4.9,-42.8,N/A,0
2023,Jakobi Meyers LV,Jakobi Meyers,WR,LV,7.6,128.7,-68.7,2.2,-47.7,N/A,0
2023,Nico Collins HOU,Nico Collins,WR,HOU,7.4,126.5,-70.9,0.3,-49.9,N/A,0
2023,Kadarius Toney KC,Kadarius Toney,WR,KC,7.4,126.2,-71.2,2.1,-50.2,N/A,0
2023,Tyler Boyd CIN,Tyler Boyd,WR,CIN,7.3,124.1,-73.3,2.8,-52.3,N/A,0
2023,Rondale Moore ARI,Rondale Moore,WR,ARI,7.1,121.3,-76.1,1.2,-55.1,N/A,0
2023,Zay Jones JAC,Zay Jones,WR,JAC,7.1,120.1,-77.3,1.8,-56.3,N/A,0
2023,Darnell Mooney CHI,Darnell Mooney,WR,CHI,7.0,118.3,-79.1,0.1,-58.1,N/A,0
2023,Allen Lazard NYJ,Allen Lazard,WR,NYJ,7.0,118.2,-79.2,0.1,-58.2,N/A,0
2023,DJ Chark Jr. CAR,DJ Chark Jr.,WR,CAR,6.9,118.1,-79.3,0.1,-58.3,N/A,0
2023,Michael Gallup DAL,Michael Gallup,WR,DAL,6.9,118,-79.4,1,-58.4,N/A,0
2023,Adam Thielen CAR,Adam Thielen,WR,CAR,6.9,117,-80.4,1.9,-59.4,N/A,0
2023,Marquez Valdes-Scantling KC,Marquez Valdes-Scantling,WR,KC,6.8,115.1,-82.3,0.4,-61.3,N/A,0
2023,Romeo Doubs GB,Romeo Doubs,WR,GB,6.7,114.7,-82.7,1.8,-61.7,N/A,0
2023,Skyy Moore KC,Skyy Moore,WR,KC,6.6,112.9,-84.5,1.6,-63.5,N/A,0
2023,DeVante Parker NE,DeVante Parker,WR,NE,6.5,111.3,-86.1,0,-65.1,N/A,0
2023,Hunter Renfrow LV,Hunter Renfrow,WR,LV,6.5,111.3,-86.1,1.8,-65.1,N/A,0
2023,Curtis Samuel WAS,Curtis Samuel,WR,WAS,6.4,109.5,-87.9,2.4,-66.9,N/A,0
2023,K.J. Osborn MIN,K.J. Osborn,WR,MIN,6.3,107.1,-90.3,0.8,-69.3,N/A,0
2023,Van Jefferson LAR,Van Jefferson,WR,LAR,6.3,106.3,-91.1,0.7,-70.1,N/A,0
2023,Elijah Moore CLE,Elijah Moore,WR,CLE,6.2,105.6,-91.8,0.7,-70.8,N/A,0
2023,Donovan Peoples-Jones CLE,Donovan Peoples-Jones,WR,CLE,6.2,104.9,-92.5,2.7,-71.5,N/A,0
2023,Isaiah Hodgins NYG,Isaiah Hodgins,WR,NYG,6.0,102.2,-95.2,3.9,-74.2,N/A,0
2023,Jameson Williams DET,Jameson Williams,WR,DET,5.8,98.3,-99.1,0.8,-78.1,N/A,0
2023,Rashod Bateman BAL,Rashod Bateman,WR,BAL,5.7,97.5,-99.9,0.3,-78.9,N/A,0
2023,Robert Woods HOU,Robert Woods,WR,HOU,5.7,97.2,-100.2,0,-79.2,N/A,0
2023,Rashid Shaheed NO,Rashid Shaheed,WR,NO,5.7,97.2,-100.2,3.5,-79.2,N/A,0
2023,Russell Gage TB,Russell Gage,WR,TB,5.5,93.7,-103.7,0.4,-82.7,N/A,0
2023,Alec Pierce IND,Alec Pierce,WR,IND,5.5,93.3,-104.1,4.7,-83.1,N/A,0
2023,Mack Hollins ATL,Mack Hollins,WR,ATL,5.2,88.6,-108.8,0.6,-87.8,N/A,0
2023,Chase Claypool CHI,Chase Claypool,WR,CHI,5.2,88,-109.4,0.3,-88.4,N/A,0
2023,Marvin Jones Jr. DET,Marvin Jones Jr.,WR,DET,5.2,87.7,-109.7,0,-88.7,N/A,0
2023,Mecole Hardman Jr. NYJ,Mecole Hardman Jr.,WR,NYJ,5.2,87.7,-109.7,1.1,-88.7,N/A,0
2023,Corey Davis NYJ,Corey Davis,WR,NYJ,5.1,86.6,-110.8,0.4,-89.8,N/A,0
2023,Darius Slayton NYG,Darius Slayton,WR,NYG,5.1,86.2,-111.2,1,-90.2,N/A,0
2023,Allen Robinson II PIT,Allen Robinson II,WR,PIT,5.0,85.2,-112.2,2.4,-91.2,N/A,0
2023,Parris Campbell NYG,Parris Campbell,WR,NYG,4.9,82.8,-114.6,9.2,-93.6,N/A,0
2023,Khalil Shakir BUF,Khalil Shakir,WR,BUF,4.3,73.6,-123.8,1.3,-102.8,N/A,0
2023,Joshua Palmer LAC,Joshua Palmer,WR,LAC,4.3,72.3,-125.1,0.5,-104.1,N/A,0
2023,Wan'Dale Robinson NYG,Wan'Dale Robinson,WR,NYG,4.2,71.8,-125.6,0.5,-104.6,N/A,0
2023,Kendrick Bourne NE,Kendrick Bourne,WR,NE,4.2,71.3,-126.1,0.1,-105.1,N/A,0
2023,Tyquan Thornton NE,Tyquan Thornton,WR,NE,4.2,71.2,-126.2,2.3,-105.2,N/A,0
2023,Ben Skowronek LAR,Ben Skowronek,WR,LAR,4.1,68.9,-128.5,1.2,-107.5,N/A,0
2023,Nick Westbrook-Ikhine TEN,Nick Westbrook-Ikhine,WR,TEN,4.0,67.7,-129.7,0.2,-108.7,N/A,0
2023,Greg Dortch ARI,Greg Dortch,WR,ARI,4.0,67.5,-129.9,0,-108.9,N/A,0
2023,Josh Reynolds DET,Josh Reynolds,WR,DET,4.0,67.5,-129.9,6,-108.9,N/A,0
2023,Terrace Marshall Jr. CAR,Terrace Marshall Jr.,WR,CAR,3.6,61.5,-135.9,1.9,-114.9,N/A,0
2023,Sterling Shepard NYG,Sterling Shepard,WR,NYG,3.5,59.6,-137.8,0.1,-116.8,N/A,0
2023,Tutu Atwell LAR,Tutu Atwell,WR,LAR,3.5,59.5,-137.9,0.6,-116.9,N/A,0
2023,Robbie Chosen MIA,Robbie Chosen,WR,MIA,3.5,58.9,-138.5,4.3,-117.5,N/A,0
2023,Richie James Jr. KC,Richie James Jr.,WR,KC,3.2,54.6,-142.8,0.9,-121.8,N/A,0
2023,Isaiah McKenzie IND,Isaiah McKenzie,WR,IND,3.2,53.7,-143.7,0.4,-122.7,N/A,0
2023,Braxton Berrios MIA,Braxton Berrios,WR,MIA,3.1,53.3,-144.1,1.2,-123.1,N/A,0
2023,Amari Rodgers IND,Amari Rodgers,WR,IND,3.1,52.1,-145.3,0.1,-124.3,N/A,0
2023,Laviska Shenault Jr. CAR,Laviska Shenault Jr.,WR,CAR,3.1,52,-145.4,2.9,-124.4,N/A,0
2023,Quez Watkins PHI,Quez Watkins,WR,PHI,2.9,49.1,-148.3,3.2,-127.3,N/A,0
2023,Jauan Jennings SF,Jauan Jennings,WR,SF,2.7,45.9,-151.5,0.7,-130.5,N/A,0
2023,Chris Moore TEN,Chris Moore,WR,TEN,2.7,45.2,-152.2,4.1,-131.2,N/A,0
2023,Kalif Raymond DET,Kalif Raymond,WR,DET,2.4,41.1,-156.3,1.3,-135.3,N/A,0
2023,Demarcus Robinson LAR,Demarcus Robinson,WR,LAR,2.3,39.8,-157.6,1.1,-136.6,N/A,0
2023,Marquez Callaway DEN,Marquez Callaway,WR,DEN,2.3,38.7,-158.7,1.4,-137.7,N/A,0
2023,Olamide Zaccheaus PHI,Olamide Zaccheaus,WR,PHI,2.2,37.3,-160.1,1.8,-139.1,N/A,0
2023,Trent Sherfield BUF,Trent Sherfield,WR,BUF,2.1,35.5,-161.9,0,-140.9,N/A,0
2023,Kyle Philips TEN,Kyle Philips,WR,TEN,2.1,35.5,-161.9,0.8,-140.9,N/A,0
2023,Randall Cobb NYJ,Randall Cobb,WR,NYJ,2.0,34.7,-162.7,0.6,-141.7,N/A,0
2023,Jamal Agnew JAC,Jamal Agnew,WR,JAC,2.0,34.1,-163.3,1.6,-142.3,N/A,0
2023,Cedrick Wilson Jr. MIA,Cedrick Wilson Jr.,WR,MIA,1.9,32.5,-164.9,0.2,-143.9,N/A,0
2023,Marquise Goodwin CLE,Marquise Goodwin,WR,CLE,1.9,32.3,-165.1,0.7,-144.1,N/A,0
2023,Noah Brown HOU,Noah Brown,WR,HOU,1.9,31.6,-165.8,0.9,-144.8,N/A,0
2023,Samori Toure GB,Samori Toure,WR,GB,1.8,30.7,-166.7,0.1,-145.7,N/A,0
2023,Cade Johnson SEA,Cade Johnson,WR,SEA,1.8,30.6,-166.8,1.2,-145.8,N/A,0
2023,Trenton Irwin CIN,Trenton Irwin,WR,CIN,1.7,29.4,-168,0.8,-147,N/A,0
2023,Zach Pascal ARI,Zach Pascal,WR,ARI,1.7,28.6,-168.8,0.5,-147.8,N/A,0
2023,Deven Thompkins TB,Deven Thompkins,WR,TB,1.7,28.1,-169.3,0.6,-148.3,N/A,0
2023,KhaDarel Hodge ATL,KhaDarel Hodge,WR,ATL,1.6,27.5,-169.9,0.5,-148.9,N/A,0
2023,Justin Watson KC,Justin Watson,WR,KC,1.6,27,-170.4,0.7,-149.4,N/A,0
2023,Dyami Brown WAS,Dyami Brown,WR,WAS,1.5,26.3,-171.1,0.3,-150.1,N/A,0
2023,Justyn Ross KC,Justyn Ross,WR,KC,1.5,26,-171.4,1.1,-150.4,N/A,0
2023,David Bell CLE,David Bell,WR,CLE,1.5,24.9,-172.5,0.2,-151.5,N/A,0
2023,Devin Duvernay BAL,Devin Duvernay,WR,BAL,1.5,24.7,-172.7,0.8,-151.7,N/A,0
2023,Deonte Harty BUF,Deonte Harty,WR,BUF,1.4,23.9,-173.5,0.3,-152.5,N/A,0
2023,Jalen Guyton LAC,Jalen Guyton,WR,LAC,1.4,23.6,-173.8,0.7,-152.8,N/A,0
2023,Britain Covey PHI,Britain Covey,WR,PHI,1.3,22.9,-174.5,0.9,-153.5,N/A,0
2023,Brandon Powell MIN,Brandon Powell,WR,MIN,1.3,22,-175.4,1.6,-154.4,N/A,0
2023,Cole Beasley NYG,Cole Beasley,WR,NYG,1.2,20.4,-177,0,-156,N/A,0
2023,Bryan Edwards NO,Bryan Edwards,WR,NO,1.2,20.4,-177,0.2,-156,N/A,0
2023,Steven Sims Jr. HOU,Steven Sims Jr.,WR,HOU,1.2,20.2,-177.2,0.5,-156.2,N/A,0
2023,Jalen Nailor MIN,Jalen Nailor,WR,MIN,1.2,19.7,-177.7,0.3,-156.7,N/A,0
2023,Equanimeous St. Brown CHI,Equanimeous St. Brown,WR,CHI,1.1,19.4,-178,0.3,-157,N/A,0
2023,Jalen Tolbert DAL,Jalen Tolbert,WR,DAL,1.1,19.1,-178.3,1.1,-157.3,N/A,0
2023,DeAndre Carter LV,DeAndre Carter,WR,LV,1.1,18,-179.4,0.2,-158.4,N/A,0
2023,Tre'Quan Smith NO,Tre'Quan Smith,WR,NO,1.0,17.8,-179.6,0.1,-158.6,N/A,0
2023,Kendall Hinton DEN,Kendall Hinton,WR,DEN,1.0,17.7,-179.7,0.3,-158.7,N/A,0
2023,Nelson Agholor BAL,Nelson Agholor,WR,BAL,1.0,17.4,-180,0.1,-159,N/A,0
2023,Jamison Crowder NYG,Jamison Crowder,WR,NYG,1.0,17.3,-180.1,0,-159.1,N/A,0
2023,Penny Hart ATL,Penny Hart,WR,ATL,1.0,17.3,-180.1,0.1,-159.1,N/A,0
2023,Dee Eskridge SEA,Dee Eskridge,WR,SEA,1.0,17.2,-180.2,0.5,-159.2,N/A,0
2023,Phillip Dorsett II LV,Phillip Dorsett II,WR,LV,1.0,16.7,-180.7,0.8,-159.7,N/A,0
2023,Velus Jones Jr. CHI,Velus Jones Jr.,WR,CHI,0.9,15.9,-181.5,0.4,-160.5,N/A,0
2023,Scott Miller ATL,Scott Miller,WR,ATL,0.9,15.5,-181.9,0.7,-160.9,N/A,0
2023,Shi Smith CAR,Shi Smith,WR,CAR,0.9,14.8,-182.6,1.4,-161.6,N/A,0
2023,Denzel Mims DET,Denzel Mims,WR,DET,0.8,13.4,-184,0.5,-163,N/A,0
2023,Dareke Young SEA,Dareke Young,WR,SEA,0.8,12.9,-184.5,0.6,-163.5,N/A,0
2023,Gunner Olszewski PIT,Gunner Olszewski,WR,PIT,0.7,12.3,-185.1,0.1,-164.1,N/A,0
2023,Jalen Reagor MIN,Jalen Reagor,WR,MIN,0.7,12.2,-185.2,0.4,-164.2,N/A,0
2023,KaVontae Turpin DAL,KaVontae Turpin,WR,DAL,0.7,11.8,-185.6,0.4,-164.6,N/A,0
2023,Byron Pringle WAS,Byron Pringle,WR,WAS,0.7,11.4,-186,0.3,-165,N/A,0
2023,Dante Pettis CHI,Dante Pettis,WR,CHI,0.7,11.1,-186.3,0,-165.3,N/A,0
2023,Ray-Ray McCloud III SF,Ray-Ray McCloud III,WR,SF,0.7,11.1,-186.3,0.1,-165.3,N/A,0
2023,Ashton Dulin IND,Ashton Dulin,WR,IND,0.6,11,-186.4,0.9,-165.4,N/A,0
2023,Erik Ezukanma MIA,Erik Ezukanma,WR,MIA,0.6,10.1,-187.3,0,-166.3,N/A,0
2023,Lance McCutcheon LAR,Lance McCutcheon,WR,LAR,0.6,10.1,-187.3,0.3,-166.3,N/A,0
2023,Cody Thompson SEA,Cody Thompson,WR,SEA,0.6,9.8,-187.6,1,-166.6,N/A,0
2023,River Cracraft MIA,River Cracraft,WR,MIA,0.5,8.8,-188.6,0.2,-167.6,N/A,0
2023,Maurice Alexander DET,Maurice Alexander,WR,DET,0.5,8.6,-188.8,0.1,-167.8,N/A,0
2023,Danny Gray SF,Danny Gray,WR,SF,0.5,8.5,-188.9,0.1,-167.9,N/A,0
2023,Trinity Benson DET,Trinity Benson,WR,DET,0.5,8.4,-189,0.2,-168,N/A,0
2023,Dezmon Patmon BUF,Dezmon Patmon,WR,BUF,0.5,8.2,-189.2,0.1,-168.2,N/A,0
2023,Simi Fehoko DAL,Simi Fehoko,WR,DAL,0.5,8.1,-189.3,0,-168.3,N/A,0
2023,Dennis Houston DAL,Dennis Houston,WR,DAL,0.5,8.1,-189.3,0,-168.3,N/A,0
2023,Stanley Morgan Jr. CIN,Stanley Morgan Jr.,WR,CIN,0.5,8.1,-189.3,0.1,-168.3,N/A,0
2023,Montrell Washington DEN,Montrell Washington,WR,DEN,0.5,8,-189.4,0.1,-168.4,N/A,0
2023,Andy Isabella BUF,Andy Isabella,WR,BUF,0.5,7.9,-189.5,0.2,-168.5,N/A,0
2023,Tim Jones JAC,Tim Jones,WR,JAC,0.5,7.7,-189.7,0,-168.7,N/A,0
2023,Matthew Slater NE,Matthew Slater,WR,NE,0.5,7.7,-189.7,0.1,-168.7,N/A,0
2023,Jalen Virgil DEN,Jalen Virgil,WR,DEN,0.4,7.6,-189.8,0.1,-168.8,N/A,0
2023,Andre Baccellia ARI,Andre Baccellia,WR,ARI,0.4,7.5,-189.9,0.1,-168.9,N/A,0
2023,Brandon Johnson DEN,Brandon Johnson,WR,DEN,0.4,7.4,-190,0.3,-169,N/A,0
2023,Dax Milne WAS,Dax Milne,WR,WAS,0.4,7.1,-190.3,0.1,-169.3,N/A,0
2023,Austin Trammell LAR,Austin Trammell,WR,LAR,0.4,7,-190.4,0.1,-169.4,N/A,0
2023,Jaelon Darden CLE,Jaelon Darden,WR,CLE,0.4,6.9,-190.5,0.2,-169.5,N/A,0
2023,Cam Sims LV,Cam Sims,WR,LV,0.4,6.7,-190.7,0.2,-169.7,N/A,0
2023,Keelan Cole Sr. LV,Keelan Cole Sr.,WR,LV,0.4,6.5,-190.9,0.1,-169.9,N/A,0
2023,Michael Woods II CLE,Michael Woods II,WR,CLE,0.4,6.4,-191,0,-170,N/A,0
2023,Mason Kinsey TEN,Mason Kinsey,WR,TEN,0.4,6.4,-191,0.1,-170,N/A,0
2023,Racey McMath TEN,Racey McMath,WR,TEN,0.4,6.3,-191.1,0.1,-170.1,N/A,0
2023,Trent Taylor CIN,Trent Taylor,WR,CIN,0.4,6.2,-191.2,0.1,-170.2,N/A,0
2023,Chris Conley SF,Chris Conley,WR,SF,0.4,6.1,-191.3,0,-170.3,N/A,0
2023,Tylan Wallace BAL,Tylan Wallace,WR,BAL,0.4,6.1,-191.3,0.2,-170.3,N/A,0
2023,Anthony Schwartz CLE,Anthony Schwartz,WR,CLE,0.3,5.9,-191.5,0,-170.5,N/A,0
2023,Mike Strachan IND,Mike Strachan,WR,IND,0.3,5.9,-191.5,0.2,-170.5,N/A,0
2023,Josh Ali ATL,Josh Ali,WR,ATL,0.3,5.7,-191.7,0.1,-170.7,N/A,0
2023,Jalen Camp HOU,Jalen Camp,WR,HOU,0.3,5.6,-191.8,0.4,-170.8,N/A,0
2023,Nsimba Webster CHI,Nsimba Webster,WR,CHI,0.3,5.2,-192.2,0.1,-171.2,N/A,0
2023,James Proche II BAL,James Proche II,WR,BAL,0.3,5.1,-192.3,0,-171.3,N/A,0
2023,Keith Kirkwood NO,Keith Kirkwood,WR,NO,0.3,5.1,-192.3,0.8,-171.3,N/A,0
2023,Miles Boykin PIT,Miles Boykin,WR,PIT,0.3,4.3,-193.1,0.3,-172.1,N/A,0
2023,Alex Erickson NYJ,Alex Erickson,WR,NYJ,0.2,4,-193.4,1.6,-172.4,N/A,0
2023,Breshad Perriman IND,Breshad Perriman,WR,IND,0.1,2.4,-195,1.5,-174,N/A,0
2023,Kirk Merritt NO,Kirk Merritt,WR,NO,0.1,0.9,-196.5,0.9,-175.5,N/A,0
2023,N'Keal Harry MIN,N'Keal Harry,WR,MIN,0.0,0,-197.4,0,-176.4,N/A,0
2023,Travis Kelce KC,Travis Kelce,TE,KC,13.8,234.5,92.9,68.7,124.6,N/A,0
2023,Mark Andrews BAL,Mark Andrews,TE,BAL,9.8,165.8,24.2,8.7,55.9,N/A,0
2023,T.J. Hockenson MIN,T.J. Hockenson,TE,MIN,9.2,157.1,15.5,13.8,47.2,N/A,0
2023,George Kittle SF,George Kittle,TE,SF,8.4,143.3,1.7,1.7,33.4,N/A,0
2023,Darren Waller NYG,Darren Waller,TE,NYG,8.3,141.6,0,9,31.7,N/A,0
2023,Kyle Pitts ATL,Kyle Pitts,TE,ATL,7.8,132.6,-9,3,22.7,N/A,0
2023,Dallas Goedert PHI,Dallas Goedert,TE,PHI,7.6,129.6,-12,10.9,19.7,N/A,0
2023,Evan Engram JAC,Evan Engram,TE,JAC,7.0,118.7,-22.9,1.3,8.8,N/A,0
2023,Pat Freiermuth PIT,Pat Freiermuth,TE,PIT,6.9,117.4,-24.2,7.5,7.5,N/A,0
2023,Tyler Higbee LAR,Tyler Higbee,TE,LAR,6.5,109.9,-31.7,0.1,0,N/A,0
2023,David Njoku CLE,David Njoku,TE,CLE,6.5,109.8,-31.8,0.3,-0.1,N/A,0
2023,Dalton Schultz HOU,Dalton Schultz,TE,HOU,6.4,109.5,-32.1,3.7,-0.4,N/A,0
2023,Chigoziem Okonkwo TEN,Chigoziem Okonkwo,TE,TEN,6.2,105.8,-35.8,4.5,-4.1,N/A,0
2023,Greg Dulcich DEN,Greg Dulcich,TE,DEN,6.0,101.3,-40.3,1,-8.6,N/A,0
2023,Gerald Everett LAC,Gerald Everett,TE,LAC,5.9,100.3,-41.3,0.6,-9.6,N/A,0
2023,Cole Kmet CHI,Cole Kmet,TE,CHI,5.9,99.7,-41.9,7,-10.2,N/A,0
2023,Juwan Johnson NO,Juwan Johnson,TE,NO,5.5,92.7,-48.9,5.1,-17.2,N/A,0
2023,Irv Smith Jr. CIN,Irv Smith Jr.,TE,CIN,5.2,87.6,-54,0.9,-22.3,N/A,0
2023,Hunter Henry NE,Hunter Henry,TE,NE,5.1,86.7,-54.9,2.3,-23.2,N/A,0
2023,Noah Fant SEA,Noah Fant,TE,SEA,5.0,84.4,-57.2,0.8,-25.5,N/A,0
2023,Hayden Hurst CAR,Hayden Hurst,TE,CAR,4.9,83.6,-58,1,-26.3,N/A,0
2023,Zach Ertz ARI,Zach Ertz,TE,ARI,4.9,82.6,-59,0.7,-27.3,N/A,0
2023,Cade Otton TB,Cade Otton,TE,TB,4.8,81.9,-59.7,2.5,-28,N/A,0
2023,Tyler Conklin NYJ,Tyler Conklin,TE,NYJ,4.7,79.4,-62.2,0.4,-30.5,N/A,0
2023,Dawson Knox BUF,Dawson Knox,TE,BUF,4.6,79,-62.6,1.7,-30.9,N/A,0
2023,Jelani Woods IND,Jelani Woods,TE,IND,4.5,77.3,-64.3,2.4,-32.6,N/A,0
2023,Logan Thomas WAS,Logan Thomas,TE,WAS,4.4,74.9,-66.7,1.1,-35,N/A,0
2023,Mike Gesicki NE,Mike Gesicki,TE,NE,4.3,73.8,-67.8,0,-36.1,N/A,0
2023,Jake Ferguson DAL,Jake Ferguson,TE,DAL,4.3,73.8,-67.8,6.3,-36.1,N/A,0
2023,Trey McBride ARI,Trey McBride,TE,ARI,4.0,67.5,-74.1,0.8,-42.4,N/A,0
2023,Taysom Hill NO,Taysom Hill,TE,NO,3.9,66.7,-74.9,12.3,-43.2,N/A,0
2023,Isaiah Likely BAL,Isaiah Likely,TE,BAL,3.2,54.4,-87.2,0.3,-55.5,N/A,0
2023,Austin Hooper LV,Austin Hooper,TE,LV,3.2,54.1,-87.5,10,-55.8,N/A,0
2023,Noah Gray KC,Noah Gray,TE,KC,2.6,44.1,-97.5,4.1,-65.8,N/A,0
2023,Jonnu Smith ATL,Jonnu Smith,TE,ATL,2.4,40,-101.6,0.1,-69.9,N/A,0
2023,Will Dissly SEA,Will Dissly,TE,SEA,2.3,39.9,-101.7,0.6,-70,N/A,0
2023,Donald Parham Jr. LAC,Donald Parham Jr.,TE,LAC,2.3,39.3,-102.3,0.9,-70.6,N/A,0
2023,Robert Tonyan CHI,Robert Tonyan,TE,CHI,2.3,38.4,-103.2,0.4,-71.5,N/A,0
2023,Foster Moreau NO,Foster Moreau,TE,NO,2.2,38,-103.6,0.3,-71.9,N/A,0
2023,Brock Wright DET,Brock Wright,TE,DET,2.2,37.7,-103.9,0.8,-72.2,N/A,0
2023,Durham Smythe MIA,Durham Smythe,TE,MIA,2.2,36.9,-104.7,0.6,-73,N/A,0
2023,C.J. Uzomah NYJ,C.J. Uzomah,TE,NYJ,2.1,36.3,-105.3,0,-73.6,N/A,0
2023,Adam Trautman DEN,Adam Trautman,TE,DEN,2.1,36.3,-105.3,0.1,-73.6,N/A,0
2023,Kylen Granson IND,Kylen Granson,TE,IND,2.1,36.2,-105.4,0.9,-73.7,N/A,0
2023,Josiah Deguara GB,Josiah Deguara,TE,GB,2.1,35.3,-106.3,0.9,-74.6,N/A,0
2023,Jordan Akins CLE,Jordan Akins,TE,CLE,2.0,34.4,-107.2,1.5,-75.5,N/A,0
2023,Harrison Bryant CLE,Harrison Bryant,TE,CLE,1.9,32.9,-108.7,2.5,-77,N/A,0
2023,Josh Oliver MIN,Josh Oliver,TE,MIN,1.8,30.4,-111.2,0.2,-79.5,N/A,0
2023,Mo Alie-Cox IND,Mo Alie-Cox,TE,IND,1.8,30.2,-111.4,0.2,-79.7,N/A,0
2023,Tommy Tremble CAR,Tommy Tremble,TE,CAR,1.8,30,-111.6,0.4,-79.9,N/A,0
2023,Ian Thomas CAR,Ian Thomas,TE,CAR,1.7,29.6,-112,1.2,-80.3,N/A,0
2023,Colby Parkinson SEA,Colby Parkinson,TE,SEA,1.7,28.4,-113.2,1,-81.5,N/A,0
2023,Daniel Bellinger NYG,Daniel Bellinger,TE,NYG,1.6,27.4,-114.2,0,-82.5,N/A,0
2023,Brevin Jordan HOU,Brevin Jordan,TE,HOU,1.6,27.4,-114.2,0.5,-82.5,N/A,0
2023,Teagan Quitoriano HOU,Teagan Quitoriano,TE,HOU,1.6,26.9,-114.7,0.2,-83,N/A,0
2023,Geoff Swaim ARI,Geoff Swaim,TE,ARI,1.6,26.7,-114.9,1.4,-83.2,N/A,0
2023,Eric Saubert MIA,Eric Saubert,TE,MIA,1.5,25.3,-116.3,0.2,-84.6,N/A,0
2023,Charlie Kolar BAL,Charlie Kolar,TE,BAL,1.5,25.1,-116.5,0.6,-84.8,N/A,0
2023,Brycen Hopkins LAR,Brycen Hopkins,TE,LAR,1.4,24.5,-117.1,0.6,-85.4,N/A,0
2023,Albert Okwuegbunam DEN,Albert Okwuegbunam,TE,DEN,1.4,23.9,-117.7,0.1,-86,N/A,0
2023,John Bates WAS,John Bates,TE,WAS,1.4,23.8,-117.8,0.7,-86.1,N/A,0
2023,Peyton Hendershot DAL,Peyton Hendershot,TE,DAL,1.4,23.1,-118.5,0.2,-86.8,N/A,0
2023,Blake Bell KC,Blake Bell,TE,KC,1.3,22.9,-118.7,1.1,-87,N/A,0
2023,Hunter Long LAR,Hunter Long,TE,LAR,1.3,21.8,-119.8,0.7,-88.1,N/A,0
2023,Dan Arnold PHI,Dan Arnold,TE,PHI,1.2,21.1,-120.5,0,-88.8,N/A,0
2023,Ko Kieft TB,Ko Kieft,TE,TB,1.2,21.1,-120.5,0.6,-88.8,N/A,0
2023,Connor Heyward PIT,Connor Heyward,TE,PIT,1.2,20.5,-121.1,0.2,-89.4,N/A,0
2023,Tre' McKitty LAC,Tre' McKitty,TE,LAC,1.2,20.3,-121.3,0.9,-89.6,N/A,0
2023,James Mitchell DET,James Mitchell,TE,DET,1.1,19.4,-122.2,1,-90.5,N/A,0
2023,Andrew Beck HOU,Andrew Beck,TE,HOU,1.1,18.4,-123.2,0.3,-91.5,N/A,0
2023,Jack Stoll PHI,Jack Stoll,TE,PHI,1.1,18.1,-123.5,0.2,-91.8,N/A,0
2023,Zach Gentry PIT,Zach Gentry,TE,PIT,1.1,17.9,-123.7,1.2,-92,N/A,0
2023,Tyler Kroft MIA,Tyler Kroft,TE,MIA,1.0,16.7,-124.9,0,-93.2,N/A,0
2023,Stephen Sullivan CAR,Stephen Sullivan,TE,CAR,1.0,16.7,-124.9,0.3,-93.2,N/A,0
2023,Marcedes Lewis CHI,Marcedes Lewis,TE,CHI,1.0,16.4,-125.2,0.2,-93.5,N/A,0
2023,Jeremy Ruckert NYJ,Jeremy Ruckert,TE,NYJ,1.0,16.2,-125.4,0.9,-93.7,N/A,0
2023,Tanner Hudson CIN,Tanner Hudson,TE,CIN,0.9,15.3,-126.3,0.2,-94.6,N/A,0
2023,Drew Sample CIN,Drew Sample,TE,CIN,0.9,15.1,-126.5,0.4,-94.8,N/A,0
2023,Trevon Wesco TEN,Trevon Wesco,TE,TEN,0.9,14.7,-126.9,0.2,-95.2,N/A,0
2023,Jody Fortson KC,Jody Fortson,TE,KC,0.9,14.5,-127.1,0.2,-95.4,N/A,0
2023,Cole Turner WAS,Cole Turner,TE,WAS,0.8,14.3,-127.3,0.4,-95.6,N/A,0
2023,Stone Smartt LAC,Stone Smartt,TE,LAC,0.8,13.9,-127.7,0.1,-96,N/A,0
2023,Armani Rogers WAS,Armani Rogers,TE,WAS,0.8,13.8,-127.8,0.4,-96.1,N/A,0
2023,Luke Farrell JAC,Luke Farrell,TE,JAC,0.8,13.4,-128.2,0.1,-96.5,N/A,0
2023,Johnny Mundt MIN,Johnny Mundt,TE,MIN,0.8,13.3,-128.3,0,-96.6,N/A,0
2023,Quintin Morris BUF,Quintin Morris,TE,BUF,0.8,13.3,-128.3,0.4,-96.6,N/A,0
2023,Ross Dwelley SF,Ross Dwelley,TE,SF,0.8,12.9,-128.7,0.6,-97,N/A,0
2023,Kevin Rader TEN,Kevin Rader,TE,TEN,0.7,12.3,-129.3,0.1,-97.6,N/A,0
2023,Jesper Horsted LV,Jesper Horsted,TE,LV,0.7,12.2,-129.4,0.1,-97.7,N/A,0
2023,Mitchell Wilcox CIN,Mitchell Wilcox,TE,CIN,0.7,12.1,-129.5,0.3,-97.8,N/A,0
2023,Devin Asiasi CIN,Devin Asiasi,TE,CIN,0.7,11.8,-129.8,1.4,-98.1,N/A,0
2023,Shane Zylstra DET,Shane Zylstra,TE,DET,0.6,10.4,-131.2,0,-99.5,N/A,0
2023,Anthony Firkser NE,Anthony Firkser,TE,NE,0.6,10.4,-131.2,0.4,-99.5,N/A,0
2023,Grant Calcaterra PHI,Grant Calcaterra,TE,PHI,0.6,10,-131.6,0.1,-99.9,N/A,0
2023,Eric Tomlinson HOU,Eric Tomlinson,TE,HOU,0.6,9.9,-131.7,0,-100,N/A,0
2023,Chris Manhertz DEN,Chris Manhertz,TE,DEN,0.6,9.9,-131.7,0.6,-100,N/A,0
2023,Nick Vannett HOU,Nick Vannett,TE,HOU,0.5,9.3,-132.3,0.4,-100.6,N/A,0
2023,Charlie Woerner SF,Charlie Woerner,TE,SF,0.5,8.9,-132.7,1.1,-101,N/A,0
2023,Noah Togiai ARI,Noah Togiai,TE,ARI,0.5,7.8,-133.8,0.9,-102.1,N/A,0
2023,Giovanni Ricci CAR,Giovanni Ricci,TE,CAR,0.4,6.9,-134.7,0.1,-103,N/A,0
2023,Mason Schreck HOU,Mason Schreck,TE,HOU,0.4,6.8,-134.8,0.1,-103.1,N/A,0
2023,Tommy Sweeney NYG,Tommy Sweeney,TE,NYG,0.4,6.7,-134.9,0.1,-103.2,N/A,0
2023,Tyler Davis GB,Tyler Davis,TE,GB,0.4,6.6,-135,0.4,-103.3,N/A,0
2023,Chris Myarick NYG,Chris Myarick,TE,NYG,0.4,6.2,-135.4,0.4,-103.7,N/A,0
2023,Parker Hesse ATL,Parker Hesse,TE,ATL,0.3,5.8,-135.8,0.1,-104.1,N/A,0
2023,Tyler Mabry SEA,Tyler Mabry,TE,SEA,0.3,5.7,-135.9,0.3,-104.2,N/A,0
2023,Pharaoh Brown IND,Pharaoh Brown,TE,IND,0.3,5.4,-136.2,2.2,-104.5,N/A,0
2023,Sean McKeon DAL,Sean McKeon,TE,DAL,0.2,3.2,-138.4,3.2,-106.7,N/A,0
2023,MyCole Pruitt ATL,MyCole Pruitt,TE,ATL,0.0,0,-141.6,0,-109.9,N/A,0
2023,Kendall Blanton KC,Kendall Blanton,TE,KC,0.0,0,-141.6,0,-109.9,N/A,0
2023,Tyree Jackson PHI,Tyree Jackson,TE,PHI,0.0,0,-141.6,0,-109.9,N/A,0
